ID;PE1;PE2;PE3;PE4;EE1;EE2;EE3;SI1;SI2;SI3;SI4;FC1;FC2;FC3;HM1;HM2;HM3;HA1;HA2;HA3;HA4;HA5;IU1;IU2;U1;U2;U3;U4;TRI1;TRI2;TRI3;TRI4;TRI5;TRI6;TRI7;TRI8;TRI9;TRI10;TRI11;TRI12;TRI13;TRI14;TRI15;TRI16;EXP;EDU;SOC;WSTATUS;RETIRED;GENDER;BORN;GENERATION;REGION
1;5;4;5;4;3;2;3;5;4;5;4;3;1;5;4;4;4;3;3;2;2;2;4;4;4;3;1;1;4;4;4;4;2;4;2;1;4;5;5;5;4;3;4;5;4;3;3;N;Y;Female;1943;Silent generation ;Biobío
2;5;5;5;5;3;3;3;4;4;4;4;3;3;4;5;5;5;4;5;5;4;4;5;5;5;5;4;4;4;3;4;4;4;2;2;2;4;3;4;4;2;4;5;3;10;3;2;N;Y;Male;1952;Early Baby boomer ;Biobío
3;5;5;5;4;4;4;2;5;5;5;5;4;2;5;5;5;5;5;5;5;5;3;5;5;5;5;4;4;4;3;2;2;4;1;1;2;4;4;4;4;2;2;4;2;10;3;2;Y;N;Female;1954;Early Baby boomer ;Biobío
4;2;2;4;3;2;1;1;3;3;3;3;2;1;2;3;4;3;2;1;1;1;1;3;2;4;3;1;1;4;3;3;3;2;2;1;3;4;4;4;4;4;4;4;5;5;3;3;N;Y;Female;1935;Silent generation ;Biobío
5;3;4;3;3;2;1;1;4;4;4;1;2;1;3;3;4;4;2;2;2;2;2;3;3;3;2;1;1;3;3;3;4;2;1;1;1;5;4;5;4;4;4;4;5;6;3;2;N;Y;Female;1935;Silent generation ;Biobío
6;5;5;5;4;5;5;5;4;3;5;4;4;5;5;5;5;5;5;5;5;4;5;5;3;5;5;5;2;5;4;4;4;4;2;2;3;2;2;2;2;2;3;4;2;17;4;3;Y;N;Male;1960;Late Baby boomer ;Coquimbo
7;5;5;5;1;3;5;5;5;4;4;5;5;5;5;5;5;5;5;4;5;5;5;5;3;5;4;5;1;5;5;3;3;1;1;4;3;3;3;5;5;5;5;5;5;7;2;3;Y;Y;Female;1949;Early Baby boomer ;Biobío
8;4;5;5;1;4;4;5;5;4;4;5;5;5;5;5;5;5;5;5;5;5;5;5;5;5;3;5;1;5;5;4;3;1;1;4;3;3;3;5;5;5;5;5;5;5;3;3;N;Y;Male;1948;Early Baby boomer ;Biobío
9;4;4;5;5;4;5;5;5;4;4;4;5;3;5;5;5;5;5;5;5;5;4;5;5;5;5;5;1;5;5;5;4;3;2;3;2;2;3;3;2;5;5;5;5;2;3;2;N;Y;Female;1957;Early Baby boomer ;Coquimbo
10;3;4;5;5;5;5;5;5;5;5;5;5;5;5;5;5;5;5;5;5;5;4;5;5;5;5;5;1;5;5;5;3;4;1;3;3;2;3;2;3;5;5;5;5;12;4;3;N;Y;Female;1954;Early Baby boomer ;Biobío
11;5;5;5;5;4;4;4;5;5;5;5;5;4;5;5;5;5;5;5;5;5;5;5;5;5;3;5;2;5;5;5;5;2;2;2;3;5;2;2;2;2;2;4;4;17;4;4;N;Y;Female;1953;Early Baby boomer ;Coquimbo
12;4;5;5;5;4;4;4;5;5;5;5;5;4;5;5;4;5;4;4;4;4;4;5;4;3;3;5;1;5;5;5;5;1;5;5;5;5;1;1;1;1;1;5;1;17;4;4;N;Y;Male;1943;Silent generation ;Coquimbo
13;4;4;5;4;2;2;2;4;4;4;4;2;2;4;4;4;4;4;3;3;3;3;4;4;4;4;4;1;3;3;2;4;2;1;1;1;4;4;3;4;2;2;2;4;10;4;3;Y;Y;Male;1952;Early Baby boomer ;Biobío
14;5;5;5;5;5;4;4;5;5;5;5;5;5;5;5;4;5;4;4;5;4;5;5;4;5;5;4;4;4;4;4;3;2;2;4;4;5;3;3;3;2;4;4;4;11;4;3;N;Y;Male;1952;Early Baby boomer ;Biobío
15;3;4;5;4;3;3;4;4;3;4;3;3;4;5;4;5;4;4;4;4;3;3;4;4;4;4;3;1;5;4;3;4;2;2;3;3;4;4;3;4;4;4;5;5;10;3;3;Y;N;Male;1961;Late Baby boomer ;Biobío
16;5;5;5;4;4;4;4;4;4;4;3;5;4;5;5;5;5;5;5;5;4;5;4;3;5;3;4;2;4;5;4;5;2;2;2;2;4;4;4;5;4;4;4;2;15;3;3;N;Y;Male;1956;Early Baby boomer ;Biobío
17;4;5;4;3;3;3;4;4;4;4;4;4;3;4;4;4;4;3;3;4;3;5;5;5;5;4;4;2;5;4;5;5;3;3;3;4;4;4;4;4;4;4;5;3;10;3;2;Y;N;Female;1960;Late Baby boomer ;Biobío
18;5;5;5;4;4;4;4;4;4;4;4;4;4;4;4;4;4;4;4;4;4;5;5;4;5;5;5;4;5;5;5;4;2;2;3;5;4;5;2;3;5;2;5;3;15;4;3;N;Y;Female;1960;Late Baby boomer ;Biobío
19;5;5;5;5;5;3;3;3;4;4;5;4;3;4;5;5;5;5;5;5;5;5;5;5;5;5;5;5;4;4;5;4;2;2;2;2;5;3;3;2;2;5;5;5;4;3;3;N;Y;Female;1956;Early Baby boomer ;Biobío
20;5;5;4;4;2;4;3;4;2;4;5;4;3;4;4;4;4;5;5;5;5;5;5;5;5;4;4;3;4;4;5;5;5;4;5;4;4;4;3;4;5;5;5;4;5;3;3;N;Y;Female;1953;Early Baby boomer ;Biobío
21;5;3;3;3;4;4;4;5;3;5;5;4;4;4;4;4;4;5;5;4;4;3;4;4;5;4;3;4;4;4;4;4;3;2;2;3;4;4;4;4;4;5;5;4;10;4;2;Y;N;Male;1959;Late Baby boomer ;Biobío
22;4;4;4;4;4;3;5;4;4;4;4;4;4;4;4;4;2;2;2;2;4;2;4;3;1;3;2;1;5;4;4;4;3;3;2;4;5;4;2;5;2;2;5;4;2;4;2;N;Y;Male;1944;Silent generation ;Biobío
23;2;2;2;4;2;2;4;4;4;2;4;2;4;4;3;3;4;2;4;4;4;4;4;2;5;5;4;4;4;4;4;1;1;1;1;5;4;2;4;4;5;5;5;5;15;3;3;N;Y;Female;1958;Late Baby boomer ;Biobío
24;2;2;2;4;2;2;4;4;2;2;4;2;4;4;4;3;3;2;2;4;4;2;4;2;3;5;2;4;4;4;4;1;1;1;1;5;3;2;4;4;5;5;5;5;10;4;3;N;Y;Female;1960;Late Baby boomer ;Biobío
25;2;4;4;5;1;1;1;2;2;4;1;5;1;5;4;2;4;4;1;4;4;5;5;4;5;3;4;1;4;4;3;1;1;1;1;5;4;5;5;4;4;5;4;5;10;4;2;N;Y;Female;1960;Late Baby boomer ;Biobío
26;3;2;4;4;2;1;1;2;2;4;2;4;2;5;4;2;3;4;4;2;1;4;4;3;5;3;4;1;4;4;3;1;1;1;1;5;4;5;5;4;5;5;4;5;8;4;2;Y;N;Male;1959;Late Baby boomer ;Biobío
27;4;4;4;4;2;4;4;2;2;2;4;4;4;2;4;4;4;2;2;2;1;1;4;2;1;2;1;1;4;4;2;4;2;2;4;4;4;4;4;4;4;4;4;4;8;4;1;Y;N;Male;1961;Late Baby boomer ;Biobío
28;4;4;4;4;4;4;4;5;5;5;4;4;5;4;3;3;2;4;4;4;4;4;4;4;4;5;4;4;4;4;4;2;4;4;2;4;4;4;4;4;4;4;4;4;3;3;3;N;Y;Female;1945;Silent generation ;Biobío
29;1;1;1;4;1;3;3;2;2;2;2;4;2;4;2;2;2;1;1;1;1;1;1;1;1;1;3;1;4;4;2;2;2;1;1;4;4;3;4;4;5;5;5;5;5;4;3;N;Y;Female;1953;Early Baby boomer ;Biobío
30;4;5;5;5;4;4;4;5;5;5;4;4;5;4;4;4;5;4;4;4;4;4;4;3;4;4;4;3;4;4;4;4;4;2;2;2;2;2;4;4;4;4;4;4;10;3;3;Y;N;Male;1961;Late Baby boomer ;Biobío
31;5;4;5;4;2;1;1;5;4;4;4;2;1;2;3;2;2;1;1;1;1;1;3;3;3;3;1;1;4;3;4;3;1;3;1;2;5;5;4;5;4;5;5;5;7;3;3;Y;N;Male;1961;Late Baby boomer ;Biobío
32;3;5;5;4;3;2;2;4;4;5;5;4;4;4;4;4;4;4;4;4;4;4;5;3;4;4;4;2;4;4;4;4;2;2;2;2;4;4;4;4;2;4;4;3;13;3;1;N;Y;Male;1955;Early Baby boomer ;Biobío
33;3;5;5;4;3;3;4;4;4;4;4;2;2;4;4;3;4;2;2;2;1;2;3;3;4;4;3;1;4;3;4;3;2;1;2;2;4;4;4;4;3;4;4;4;8;4;4;N;Y;Male;1944;Silent generation ;Biobío
34;3;4;4;4;3;3;2;4;4;4;4;3;3;4;4;4;4;4;5;5;5;5;5;5;5;5;5;5;5;5;5;5;5;2;2;5;5;5;4;4;4;4;5;4;10;3;4;N;Y;Female;1961;Late Baby boomer ;Coquimbo
35;2;5;5;5;3;3;3;5;5;5;5;5;3;5;5;5;5;5;5;5;5;5;5;5;5;5;5;4;5;5;5;5;2;2;2;2;4;4;4;4;4;4;4;5;10;3;3;N;N;Female;1952;Early Baby boomer ;Biobío
36;4;5;4;4;4;4;4;5;4;4;3;4;4;5;4;4;3;2;2;2;2;1;4;4;5;5;4;1;3;4;3;2;2;1;4;3;2;4;2;4;3;5;5;5;8;3;2;N;Y;Female;1956;Early Baby boomer ;Coquimbo
37;3;3;5;4;2;2;2;5;5;5;5;2;2;4;3;4;4;2;2;2;2;2;4;2;3;4;2;1;3;3;4;3;2;3;2;2;5;4;4;4;3;4;4;5;10;4;3;N;Y;Female;1961;Late Baby boomer ;Biobío
38;4;4;4;5;4;4;4;5;4;5;5;4;4;4;4;4;5;3;1;2;2;1;4;4;4;1;2;1;5;4;4;4;1;1;2;4;5;5;5;5;5;5;5;5;7;2;3;N;Y;Female;1949;Early Baby boomer ;Coquimbo
39;4;4;4;3;3;2;2;4;4;4;4;4;4;4;4;4;4;4;4;4;4;4;5;3;4;3;4;3;4;4;4;4;2;2;3;4;4;4;4;4;4;4;4;4;14;4;3;N;Y;Male;1949;Early Baby boomer ;Biobío
40;4;5;5;5;4;4;4;5;5;4;3;4;4;4;5;5;5;4;4;4;3;4;5;5;5;5;5;2;4;4;3;3;3;2;4;4;2;3;3;4;3;2;3;3;10;4;3;Y;N;Male;1961;Late Baby boomer ;Biobío
41;2;3;4;3;1;1;1;3;3;3;3;2;1;3;3;3;4;2;1;1;1;1;3;3;4;3;1;1;3;3;4;3;3;2;1;1;4;4;4;4;3;4;5;5;5;2;3;N;Y;Female;1945;Silent generation ;Biobío
42;4;3;4;3;3;3;3;3;3;4;4;3;3;3;4;4;4;3;2;3;3;3;4;4;4;4;1;1;4;3;4;5;2;3;4;3;4;4;5;5;4;5;5;5;10;3;3;N;Y;Male;1943;Silent generation ;Biobío
43;3;3;4;3;1;1;2;4;4;4;3;1;1;3;3;3;4;1;1;1;1;1;4;4;4;3;1;1;3;3;3;4;1;1;2;2;4;4;4;4;4;3;5;5;8;2;2;N;Y;Female;1941;Silent generation ;Biobío
44;4;3;4;4;3;2;2;3;3;3;2;4;2;4;4;4;4;4;3;3;3;3;4;3;3;3;3;2;4;4;3;2;2;2;3;4;4;4;4;4;4;5;5;4;15;4;4;Y;N;Male;1958;Late Baby boomer ;Biobío
45;4;3;4;4;4;4;3;3;3;3;3;3;1;4;4;4;3;3;3;2;2;3;3;2;4;1;1;1;4;4;4;4;2;2;2;3;4;3;3;3;5;4;4;4;2;4;3;N;Y;Female;1952;Early Baby boomer ;Biobío
46;3;4;4;4;4;4;4;4;4;4;4;3;4;4;4;4;4;4;3;4;3;3;4;4;4;3;3;1;4;4;4;4;3;3;4;3;4;4;3;4;4;3;5;3;9;3;3;N;N;Female;1959;Late Baby boomer ;Biobío
47;4;4;4;3;3;3;3;2;3;2;3;2;4;4;2;4;4;4;4;3;3;3;2;2;4;2;5;1;4;4;4;4;2;2;2;2;4;4;4;4;4;4;4;3;10;3;4;N;N;Female;1952;Early Baby boomer ;Biobío
48;4;4;4;4;4;4;4;2;4;3;4;5;4;2;4;4;4;4;4;4;5;4;2;2;4;2;5;1;4;4;4;4;2;2;4;4;4;4;4;4;4;4;4;3;12;3;3;N;N;Female;1958;Late Baby boomer ;Biobío
49;3;3;4;4;3;4;4;2;2;2;4;4;4;4;4;4;4;4;4;4;4;2;4;4;4;4;2;2;4;4;4;4;4;2;2;2;4;4;4;4;4;4;4;4;11;3;4;N;N;Female;1953;Early Baby boomer ;Biobío
50;3;4;4;3;2;2;2;2;2;2;4;2;4;4;4;4;2;2;2;2;2;2;4;4;4;2;3;2;4;4;4;4;2;2;2;4;4;4;4;4;4;4;4;4;11;4;4;Y;N;Male;1955;Early Baby boomer ;Biobío
51;4;4;4;4;3;4;3;4;4;4;4;4;4;3;3;4;2;2;2;2;2;2;4;2;4;3;3;2;4;4;2;3;2;2;3;4;4;4;3;4;3;4;2;4;7;3;3;N;Y;Female;1949;Early Baby boomer ;Biobío
52;4;4;4;4;3;4;3;4;4;4;4;4;4;4;3;3;3;2;2;2;2;2;4;2;4;3;3;2;4;4;2;3;2;2;3;4;4;4;3;4;2;4;4;4;7;3;3;Y;Y;Male;1948;Early Baby boomer ;Biobío
53;4;4;4;4;4;4;4;4;4;4;5;4;5;5;4;4;4;4;4;4;4;4;5;4;4;4;3;1;4;4;4;4;3;2;2;3;4;4;4;4;4;4;4;4;17;4;3;Y;Y;Male;1953;Early Baby boomer ;Biobío
54;5;5;5;5;5;3;3;3;3;3;3;4;3;4;4;4;4;4;3;3;3;3;5;5;5;5;5;5;4;4;4;4;4;4;3;4;4;4;4;4;4;4;4;4;15;4;3;Y;N;Female;1961;Late Baby boomer ;Biobío
55;4;4;4;4;2;2;4;3;3;3;1;4;3;5;4;3;4;2;2;2;2;2;4;3;3;3;2;2;4;4;4;3;2;2;2;2;4;4;4;4;5;5;5;5;5;3;3;N;Y;Female;1948;Early Baby boomer ;Biobío
56;4;4;4;4;2;2;2;3;3;3;1;4;2;4;4;4;4;4;4;3;3;2;4;2;4;4;4;3;4;4;4;4;2;2;2;2;3;3;3;2;4;4;4;4;5;2;3;N;Y;Male;1949;Early Baby boomer ;Biobío
57;5;5;5;4;3;4;5;5;5;4;5;3;3;4;4;4;4;3;3;3;3;3;4;4;4;4;3;4;5;4;4;4;3;3;3;3;4;4;4;4;4;5;5;5;6;3;3;Y;Y;Female;1953;Early Baby boomer ;Coquimbo
58;4;5;5;5;4;4;3;5;4;5;5;4;4;4;4;4;4;4;4;4;3;3;5;4;5;5;3;5;3;4;3;3;3;3;2;3;4;4;4;4;4;4;4;2;6;3;4;N;Y;Male;1948;Early Baby boomer ;Coquimbo
59;2;2;4;4;2;2;2;4;4;4;1;4;2;4;3;3;3;2;2;2;2;2;3;1;2;3;1;1;5;4;4;2;1;1;1;1;4;4;4;4;5;5;5;5;3;2;3;N;Y;Female;1933;Silent generation ;Biobío
60;5;5;5;5;4;4;4;5;5;5;5;5;4;5;5;5;5;5;4;4;4;4;5;3;5;5;5;4;3;3;3;4;3;2;2;4;4;4;4;4;3;3;4;2;7;3;4;Y;Y;Female;1948;Early Baby boomer ;Coquimbo
61;4;5;5;4;4;3;3;3;4;4;4;5;3;5;4;2;3;2;2;4;2;2;4;3;4;4;3;1;4;4;3;2;1;2;2;2;4;4;4;5;2;5;5;5;17;4;3;Y;Y;Male;1959;Late Baby boomer ;Coquimbo
62;4;3;4;4;2;2;2;4;4;4;3;3;2;4;4;4;4;4;4;4;4;4;4;4;3;3;3;2;4;4;3;3;4;2;2;2;2;3;5;4;2;4;4;4;11;4;3;N;Y;Male;1950;Early Baby boomer ;Biobío
63;4;4;4;4;2;2;4;4;4;4;4;2;3;4;3;3;3;2;2;4;2;2;4;3;3;3;3;1;4;3;3;3;2;1;2;2;4;4;4;4;3;4;4;1;6;3;2;N;Y;Female;1950;Early Baby boomer ;Biobío
64;4;4;5;4;4;4;4;4;4;4;4;4;4;5;4;5;4;4;4;4;4;4;5;5;5;4;4;3;4;5;4;4;3;2;4;3;4;3;3;4;4;4;5;4;10;3;4;Y;N;Female;1958;Late Baby boomer ;Biobío
65;4;4;4;4;3;3;3;4;4;4;1;4;2;4;4;4;4;4;2;2;2;3;4;3;5;4;4;1;4;4;4;4;2;2;2;3;4;4;4;4;5;5;5;5;3;2;2;N;Y;Male;1943;Silent generation ;Biobío
66;4;4;4;2;2;2;3;3;3;3;1;4;2;4;4;4;4;2;2;2;2;2;4;2;4;3;3;2;4;4;4;3;2;2;2;2;4;4;4;4;5;5;5;5;3;1;3;N;Y;Female;1950;Early Baby boomer ;Biobío
67;4;5;5;5;4;4;3;4;3;3;4;5;4;5;4;4;4;4;4;4;4;4;5;3;4;5;5;3;4;4;4;4;4;5;4;4;3;3;3;4;3;3;4;2;11;4;4;Y;N;Male;1958;Late Baby boomer ;Biobío
68;4;4;5;4;3;3;3;4;4;4;4;3;3;4;4;4;4;3;1;2;1;2;4;4;5;4;1;1;4;4;3;3;2;2;3;3;4;4;4;4;3;4;5;4;8;4;3;N;Y;Male;1946;Silent generation ;Biobío
69;3;3;4;3;2;2;2;4;4;4;3;2;2;2;3;3;3;2;2;2;2;2;4;4;4;5;3;1;3;2;3;3;1;1;2;2;4;4;4;4;3;4;5;5;9;3;3;N;Y;Female;1946;Silent generation ;Biobío
70;2;2;3;3;2;2;2;4;4;4;2;4;2;4;2;2;2;2;2;2;2;2;4;2;3;3;1;1;4;4;3;2;2;2;2;2;2;4;4;3;4;4;4;4;3;2;2;Y;Y;Female;1948;Early Baby boomer ;Biobío
71;2;4;5;5;3;4;4;4;4;4;4;5;4;4;5;5;5;5;5;5;5;5;5;5;5;4;2;3;5;5;5;5;2;2;2;3;5;5;5;5;4;4;4;4;8;4;2;Y;N;Female;1959;Late Baby boomer ;Biobío
72;5;5;5;5;5;5;4;4;3;5;4;4;4;4;3;4;4;4;4;3;3;3;4;3;5;3;3;3;3;4;3;3;4;4;3;2;3;3;3;3;3;3;3;2;15;4;3;Y;N;Female;1959;Late Baby boomer ;Biobío
73;4;4;5;5;4;2;4;5;5;5;5;5;4;4;4;4;4;4;4;4;4;4;5;5;3;4;4;2;5;5;5;5;2;2;4;3;3;2;2;3;4;2;2;2;12;4;3;N;Y;Female;1943;Silent generation ;Biobío
74;4;4;5;5;4;4;4;5;5;5;5;5;5;5;4;4;4;4;4;4;4;4;5;5;3;4;4;3;4;5;4;4;2;2;4;4;3;3;3;3;4;3;3;3;12;4;3;N;Y;Male;1938;Silent generation ;Biobío
75;4;4;5;5;4;3;3;5;5;5;5;5;3;5;4;4;4;5;5;5;5;5;5;5;5;4;4;3;5;5;5;5;2;2;3;3;4;4;4;4;4;4;4;4;14;4;3;N;Y;Female;1953;Early Baby boomer ;Biobío
76;4;4;5;5;4;4;4;5;5;5;5;5;4;5;5;4;4;4;5;5;5;5;5;5;4;4;4;3;5;5;5;5;4;2;4;3;4;4;4;4;4;4;4;4;14;4;3;N;Y;Male;1949;Early Baby boomer ;Biobío
77;4;4;5;4;4;4;2;4;4;4;4;4;4;4;3;4;3;3;4;4;3;4;4;4;4;4;3;1;4;3;4;4;4;2;2;3;4;4;4;4;3;4;3;4;8;3;3;Y;N;Female;1952;Early Baby boomer ;Biobío
78;2;4;5;5;3;3;3;5;5;5;5;4;3;4;4;4;4;3;2;2;2;2;5;5;3;3;3;1;5;5;5;3;1;1;1;3;4;3;4;4;4;4;4;4;6;4;3;N;Y;Male;1937;Silent generation ;Biobío
79;2;4;4;4;2;2;2;5;5;5;5;4;3;4;4;4;4;2;2;2;2;2;5;5;3;3;3;1;4;4;4;4;2;1;1;3;4;4;4;4;4;4;4;4;6;4;3;N;Y;Female;1940;Silent generation ;Biobío
80;4;4;4;4;4;4;4;4;4;4;4;4;4;4;4;4;4;4;4;4;4;4;4;4;4;3;4;1;4;5;5;5;4;2;4;4;3;4;3;4;4;4;4;3;5;4;3;N;Y;Female;1947;Early Baby boomer ;Biobío
81;4;4;4;4;4;3;3;5;5;5;5;4;4;5;5;5;5;4;4;4;4;4;4;4;5;5;5;4;3;4;4;3;4;2;4;3;4;4;3;4;4;3;4;3;5;4;4;N;Y;Female;1947;Early Baby boomer ;Coquimbo
82;5;5;5;5;4;4;4;5;5;5;5;5;4;4;5;5;5;5;5;5;5;5;5;5;5;5;5;4;5;5;5;5;2;2;4;4;3;3;3;3;2;3;2;5;10;3;3;N;Y;Female;1946;Silent generation ;Coquimbo
83;4;4;4;4;4;4;4;4;4;4;4;3;3;4;4;4;4;3;3;4;3;3;4;4;5;4;4;2;4;4;4;4;3;3;3;3;4;4;4;4;4;4;5;3;10;3;3;Y;N;Female;1959;Late Baby boomer ;Biobío
84;4;4;5;4;3;3;3;4;4;4;5;3;4;4;4;4;4;3;3;4;3;3;5;4;5;4;2;2;4;3;3;4;3;3;4;3;4;4;3;4;4;4;4;4;8;3;2;Y;N;Male;1958;Late Baby boomer ;Biobío
85;2;3;3;4;1;1;1;5;5;5;3;2;1;1;3;3;3;2;2;2;2;2;4;3;4;3;2;2;3;3;2;2;2;1;1;1;4;4;4;4;4;4;4;4;6;3;4;N;N;Female;1928;Silent generation ;Biobío
86;5;5;4;5;5;5;5;5;5;5;5;5;5;5;4;5;4;5;5;5;5;5;5;5;4;5;5;3;5;5;5;5;4;3;4;4;3;3;3;3;5;5;4;4;10;4;3;N;N;Female;1958;Late Baby boomer ;Biobío
87;5;5;5;4;4;3;3;5;4;4;5;4;3;4;4;4;4;4;4;3;4;4;5;5;3;3;3;4;4;4;4;4;4;4;3;4;4;3;3;4;4;4;4;2;2;3;3;Y;N;Female;1961;Late Baby boomer ;Coquimbo
88;3;3;4;4;3;3;3;4;4;4;4;3;4;4;4;4;4;3;2;3;3;3;4;4;4;4;1;1;4;3;4;3;5;3;3;3;4;4;4;4;3;4;4;4;8;3;3;N;Y;Female;1948;Early Baby boomer ;Biobío
89;4;4;4;4;3;3;3;4;4;4;1;4;2;4;4;4;4;5;5;5;5;5;4;4;4;4;2;3;4;4;4;4;2;2;2;5;4;4;4;3;5;5;5;5;6;3;3;N;Y;Female;1949;Early Baby boomer ;Biobío
90;4;5;5;4;3;3;3;3;4;3;4;4;5;3;5;4;3;2;3;2;2;4;4;3;4;4;3;1;4;4;4;3;2;1;2;2;2;4;4;4;2;5;5;5;17;4;3;Y;Y;Male;1959;Late Baby boomer ;Biobío
91;4;5;5;5;4;3;3;4;4;4;3;4;2;4;4;3;3;3;3;3;2;2;4;2;4;4;3;1;4;4;2;2;5;2;2;2;4;4;4;5;2;5;5;5;17;3;3;Y;Y;Female;1961;Late Baby boomer ;Biobío
92;5;5;5;5;4;4;4;5;5;5;5;4;4;5;4;4;4;3;3;3;3;4;5;5;5;5;3;3;5;5;5;5;2;2;4;3;4;4;5;5;5;3;3;2;10;4;4;Y;Y;Female;1950;Early Baby boomer ;Coquimbo
93;4;4;4;4;4;4;4;4;4;4;1;4;4;4;4;4;4;4;4;4;4;4;5;5;5;3;3;3;4;4;4;4;4;2;4;4;2;2;2;2;4;3;4;2;10;2;3;N;Y;Female;1939;Silent generation ;Biobío
94;3;4;5;5;2;2;2;4;4;4;4;3;3;4;4;3;3;2;2;2;2;2;4;4;3;3;3;1;4;4;4;4;2;2;2;2;4;4;4;4;4;4;4;4;5;4;3;N;Y;Female;1938;Silent generation ;Biobío
95;4;4;5;4;1;2;2;4;4;4;3;4;2;4;4;4;4;4;4;4;4;4;4;4;4;5;5;1;4;4;4;4;4;4;4;4;3;4;2;4;4;4;2;2;5;4;3;Y;N;Male;1959;Late Baby boomer ;Biobío
96;5;5;5;5;4;4;4;5;5;5;5;4;4;4;4;4;4;4;4;4;4;4;5;5;5;5;3;3;4;4;4;4;2;3;4;3;3;4;3;4;3;3;2;2;11;4;3;Y;N;Female;1955;Early Baby boomer ;Coquimbo
97;4;4;4;4;3;3;3;4;4;4;4;4;3;4;4;4;4;3;2;2;2;4;4;4;4;3;4;1;4;4;4;4;2;2;2;3;4;3;4;4;4;4;4;4;4;4;3;N;Y;Male;1935;Silent generation ;Biobío
98;3;4;4;4;3;3;3;4;4;4;4;3;3;5;4;4;4;2;3;3;2;3;5;3;5;4;2;1;4;2;3;3;3;2;3;2;4;4;5;5;4;4;5;4;10;4;3;N;Y;Male;1942;Silent generation ;Biobío
99;3;3;4;5;4;3;4;5;4;4;4;3;4;4;5;5;5;3;2;3;3;2;5;5;5;4;1;1;4;3;4;4;2;3;3;2;4;4;4;4;3;5;5;4;9;3;3;N;Y;Female;1944;Silent generation ;Biobío
100;4;4;4;4;2;2;1;4;4;3;2;4;4;4;3;3;3;2;3;2;2;2;4;4;1;5;3;2;4;3;2;2;3;2;2;2;2;4;3;4;4;4;2;4;10;4;3;N;Y;Female;1946;Silent generation ;Biobío
101;4;5;5;4;4;4;4;4;5;5;5;4;4;5;5;5;5;4;4;4;4;4;5;4;5;4;4;3;4;4;4;4;4;4;3;4;3;4;3;3;4;4;5;3;10;3;3;Y;N;Female;1959;Late Baby boomer ;Biobío
102;5;5;5;5;5;5;5;5;5;5;5;5;5;5;5;5;5;5;5;5;5;5;5;5;5;5;5;5;5;5;5;5;5;2;5;5;2;2;2;2;5;3;3;2;12;4;3;Y;Y;Male;1958;Late Baby boomer ;Biobío
103;5;5;5;5;3;3;3;4;4;4;4;4;4;4;4;4;3;3;3;3;3;3;4;2;2;2;2;2;4;4;4;4;2;2;4;4;4;4;4;4;4;4;4;2;6;3;3;N;Y;Male;1941;Silent generation ;Biobío
104;4;4;5;5;4;3;4;4;4;4;4;4;3;4;4;4;4;4;5;5;5;5;4;4;5;4;4;5;4;4;4;4;3;2;3;3;4;4;4;3;4;4;4;2;10;4;1;Y;N;Male;1961;Late Baby boomer ;Biobío
105;2;1;4;3;4;2;1;1;5;5;5;4;4;4;3;3;3;2;3;3;3;4;4;1;5;1;3;3;1;2;5;1;1;3;1;5;5;1;3;2;2;3;3;1;5;4;4;Y;N;Male;1961;Late Baby boomer ;Biobío
106;5;5;5;5;4;4;4;4;4;4;3;5;4;5;3;4;4;4;4;5;4;5;4;4;4;4;4;3;4;4;4;3;2;2;3;3;3;3;3;3;3;3;3;3;10;4;4;Y;N;Male;1960;Late Baby boomer ;Biobío
107;4;5;5;5;4;4;4;4;4;4;4;5;4;5;4;4;5;4;5;4;4;4;5;4;4;2;3;4;3;4;2;2;3;2;3;4;3;4;4;4;4;3;4;3;12;4;3;Y;Y;Female;1960;Late Baby boomer ;Biobío
108;5;5;5;5;5;5;5;5;5;4;4;4;4;4;4;5;5;4;4;4;4;4;4;5;5;5;5;5;3;4;4;4;4;4;4;4;4;4;4;4;4;4;4;4;17;4;3;Y;N;Male;1959;Late Baby boomer ;Biobío
109;5;5;4;4;2;2;2;5;5;5;4;4;2;4;4;4;4;2;2;4;1;2;5;4;3;5;3;1;5;5;4;5;3;2;5;2;5;5;4;4;5;4;4;5;8;2;2;N;Y;Male;1942;Silent generation ;Coquimbo
110;4;4;5;5;4;4;4;5;5;5;3;4;3;5;5;4;4;3;3;3;2;2;4;4;3;3;3;3;1;4;2;2;3;2;1;3;4;4;3;3;2;4;5;1;10;4;2;N;Y;Female;1958;Late Baby boomer ;Biobío
111;3;4;5;4;3;3;3;3;4;4;4;5;4;5;3;4;4;4;3;3;4;4;5;5;5;3;3;4;3;4;3;3;4;2;2;2;2;4;4;4;4;4;5;2;11;3;2;Y;Y;Female;1957;Late Baby boomer ;Biobío
112;3;4;5;4;4;5;5;5;4;4;4;4;4;3;3;4;3;3;4;4;2;4;4;5;4;5;4;3;4;4;2;4;3;2;2;4;4;3;4;4;2;3;2;2;7;3;4;Y;Y;Female;1961;Late Baby boomer ;Coquimbo
113;4;4;5;4;3;4;4;4;4;4;4;3;4;4;5;5;5;4;3;4;3;3;4;4;5;4;3;1;4;4;4;4;3;3;3;4;5;4;3;3;4;4;5;5;10;3;3;Y;N;Male;1959;Late Baby boomer ;Biobío
114;4;4;4;4;3;4;4;4;4;4;4;4;2;4;4;4;4;2;2;2;2;2;4;3;3;3;3;3;4;4;4;3;2;2;2;2;3;4;2;2;4;4;4;4;5;3;3;N;N;Female;1961;Late Baby boomer ;Biobío
115;5;5;5;5;4;5;5;5;5;5;5;4;4;5;4;5;4;4;4;4;5;4;4;4;3;3;4;3;4;4;4;4;3;3;2;3;4;3;3;4;4;2;2;4;15;3;2;Y;Y;Male;1954;Early Baby boomer ;Biobío
116;5;5;5;5;5;5;5;5;5;4;5;5;5;5;5;2;4;4;2;2;2;2;5;4;3;4;4;1;2;4;4;4;2;2;3;3;4;4;4;4;5;5;5;2;15;4;3;Y;Y;Male;1931;Silent generation ;Biobío
117;2;4;4;4;1;1;1;4;4;4;1;4;1;4;3;3;3;2;2;2;2;2;3;2;2;2;2;2;4;4;4;2;2;2;2;2;4;4;4;4;4;4;4;4;3;4;3;N;Y;Male;1929;Silent generation ;Biobío
118;5;4;5;5;5;5;1;2;1;4;4;4;4;4;4;4;5;4;2;3;2;4;4;4;1;5;5;4;5;5;5;5;3;2;2;2;2;5;5;5;5;5;5;5;8;4;2;N;Y;Male;1939;Silent generation ;Biobío
119;5;5;5;5;5;5;5;5;5;4;4;4;4;4;4;5;5;4;4;4;4;4;4;5;4;5;5;5;3;4;4;4;4;4;4;4;4;4;4;4;4;4;4;4;17;4;3;N;Y;Female;1960;Late Baby boomer ;Biobío
120;4;4;5;5;4;5;5;3;3;4;3;5;4;4;5;5;5;5;5;5;5;5;5;5;4;3;4;2;4;4;5;4;3;2;2;3;3;1;2;2;2;2;5;5;10;4;3;Y;N;Male;1960;Late Baby boomer ;Biobío
121;4;4;4;4;3;2;2;4;4;3;2;4;4;4;4;4;4;3;3;4;2;2;4;4;3;5;3;2;4;4;3;3;4;3;4;4;2;4;4;4;4;2;2;2;7;4;3;N;Y;Male;1950;Early Baby boomer ;Biobío
122;3;4;5;5;4;4;3;3;4;4;4;4;3;5;4;5;5;4;4;5;3;5;5;5;5;3;3;1;5;5;5;5;2;2;3;5;2;2;3;3;5;5;5;2;10;4;3;N;Y;Male;1951;Early Baby boomer ;Biobío
123;3;5;5;5;4;3;3;2;3;3;2;3;3;5;4;4;5;3;3;3;2;2;5;5;5;3;3;1;5;5;5;5;2;2;2;5;2;2;3;3;5;5;5;2;10;4;3;Y;N;Female;1959;Late Baby boomer ;Biobío
124;5;5;5;5;4;4;4;5;5;5;5;5;5;5;5;5;5;5;5;5;5;5;5;5;5;5;5;5;5;5;5;5;5;3;5;4;3;3;5;5;5;4;4;1;13;4;3;Y;N;Female;1959;Late Baby boomer ;Biobío
125;3;4;3;4;5;4;4;4;3;3;2;4;4;4;4;4;4;4;4;4;2;4;4;4;5;5;4;3;4;4;4;4;4;4;4;4;1;1;2;3;2;2;2;2;11;4;4;Y;N;Female;1955;Early Baby boomer ;Biobío
126;4;4;4;4;4;3;2;5;5;5;5;5;3;4;4;4;4;4;3;3;3;4;5;5;4;3;3;1;4;4;4;4;2;1;1;2;4;4;4;4;5;4;4;4;8;3;2;N;N;Female;1953;Early Baby boomer ;Biobío
127;5;5;5;5;5;3;3;5;5;5;5;5;3;5;5;5;5;5;5;5;5;5;5;5;5;5;5;3;5;5;5;5;4;2;2;4;3;4;4;4;5;4;4;3;10;4;2;N;Y;Male;1949;Early Baby boomer ;Biobío
128;2;2;4;3;3;4;4;4;4;4;2;4;4;5;2;2;2;2;2;4;2;2;4;3;1;3;1;3;4;4;2;2;3;2;2;4;2;3;4;2;3;4;2;3;8;4;2;N;Y;Female;1952;Early Baby boomer ;Coquimbo
129;4;2;4;4;2;1;2;3;3;3;3;4;4;4;4;4;3;3;2;2;2;2;4;4;2;3;3;2;3;3;4;3;2;2;1;2;4;4;4;5;5;5;5;5;6;4;3;N;Y;Female;1944;Silent generation ;Biobío
130;5;5;5;5;5;5;4;5;5;5;5;4;4;5;5;5;5;4;4;4;4;4;5;5;5;5;4;4;5;5;5;5;4;4;4;4;3;4;4;5;3;4;3;1;10;4;3;Y;N;Female;1961;Late Baby boomer ;Coquimbo
131;5;5;5;5;2;2;2;5;5;5;5;2;2;5;3;3;3;2;2;2;2;4;5;5;5;4;4;2;4;3;2;4;2;2;1;1;5;5;5;5;4;4;4;4;8;4;3;N;Y;Female;1938;Silent generation ;Coquimbo
132;2;3;4;4;1;1;1;4;4;5;3;5;2;4;3;3;3;4;4;3;3;4;5;3;4;3;3;2;2;4;2;4;2;1;1;1;4;4;5;5;5;5;5;5;7;4;4;Y;N;Female;1961;Late Baby boomer ;Biobío
133;4;5;5;5;4;4;4;4;5;5;3;4;4;5;5;5;5;4;4;4;3;4;5;5;5;3;3;1;4;4;4;5;3;3;4;4;4;3;3;3;4;5;5;3;10;4;3;Y;N;Female;1961;Late Baby boomer ;Biobío
134;4;4;4;5;5;5;5;3;3;3;3;4;5;4;5;4;5;4;5;3;3;4;4;3;4;3;3;4;3;3;1;2;2;2;2;3;3;3;2;2;4;5;3;1;3;2;2;Y;N;Male;1960;Late Baby boomer ;Biobío
135;4;4;4;4;2;2;2;4;4;4;4;3;2;4;4;3;3;2;2;2;2;2;4;4;3;3;3;1;4;4;4;3;1;1;1;2;4;4;4;4;4;4;4;5;6;3;2;N;Y;Female;1953;Early Baby boomer ;Biobío
136;4;4;4;4;3;3;3;5;5;5;5;5;3;4;4;4;4;3;3;3;3;3;4;4;3;3;3;1;4;4;4;4;2;2;2;3;4;4;4;4;4;4;4;5;10;2;2;N;Y;Female;1955;Early Baby boomer ;Biobío
137;3;4;4;3;1;2;2;3;3;3;3;2;3;4;4;4;4;2;2;2;2;2;4;3;5;3;1;1;4;2;3;3;1;1;1;2;4;5;4;4;5;4;5;5;8;3;3;N;Y;Female;1944;Silent generation ;Biobío
138;4;4;5;5;4;4;4;5;5;5;4;4;4;5;4;4;4;4;4;4;4;4;5;5;5;5;3;2;4;4;4;4;3;3;4;4;3;3;3;3;4;4;4;5;12;4;4;Y;N;Female;1958;Late Baby boomer ;Biobío
139;4;5;5;5;4;4;4;5;5;5;3;4;4;4;5;5;5;4;2;4;2;3;4;4;2;5;3;3;4;4;4;3;3;4;2;4;3;2;2;4;3;3;2;2;11;4;4;N;Y;Male;1946;Silent generation ;Biobío
140;3;4;4;4;4;4;4;3;3;3;3;4;4;4;3;3;3;3;3;3;2;2;4;3;3;4;3;2;3;3;3;3;4;3;4;3;2;3;4;3;4;4;3;2;12;4;4;N;Y;Female;1960;Late Baby boomer ;Biobío
141;4;2;4;4;3;3;3;4;4;4;4;3;4;4;4;4;4;3;3;3;3;2;4;4;4;5;1;1;4;3;4;4;3;2;3;4;4;3;2;3;4;5;5;4;10;3;3;N;Y;Male;1946;Silent generation ;Biobío
142;5;5;5;5;4;4;4;5;5;5;5;4;4;5;5;5;5;4;4;4;4;4;5;4;5;5;4;5;5;5;5;5;4;4;4;5;2;3;3;4;3;3;2;2;11;4;4;Y;N;Male;1944;Silent generation ;Coquimbo
143;5;5;5;5;5;4;5;5;5;5;5;5;5;5;5;5;5;5;5;5;5;5;5;5;5;5;5;3;5;5;5;5;4;2;5;4;3;3;4;4;5;5;3;3;12;4;3;N;Y;Female;1954;Early Baby boomer ;Biobío
144;5;5;5;5;3;3;3;5;5;5;5;3;3;5;5;5;5;5;5;5;5;5;5;5;5;5;5;2;5;5;5;5;2;2;2;3;4;4;4;4;4;4;4;4;5;4;3;N;Y;Female;1941;Silent generation ;Biobío
145;4;4;4;4;2;2;2;5;5;5;5;2;2;4;4;4;4;4;3;2;2;3;4;3;5;3;4;1;4;4;4;3;1;1;1;1;5;5;5;5;3;4;4;4;6;1;1;Y;N;Male;1945;Silent generation ;Coquimbo
146;5;5;5;5;5;4;5;5;5;5;5;5;5;5;5;5;5;5;5;5;5;5;5;5;5;5;5;3;5;5;5;5;4;3;5;5;2;2;2;2;5;4;4;2;14;4;3;N;Y;Male;1961;Late Baby boomer ;Biobío
147;4;4;4;4;5;5;5;3;4;4;3;4;4;4;4;4;4;4;4;4;3;4;4;4;2;3;3;2;3;4;3;4;4;3;3;4;2;4;4;4;4;4;4;4;15;4;3;Y;Y;Female;1959;Late Baby boomer ;Coquimbo
148;5;5;5;5;4;4;4;5;5;5;5;5;4;5;5;5;5;5;5;5;5;5;5;5;5;5;5;4;5;5;5;5;4;2;4;4;3;2;2;3;5;5;3;2;12;3;4;N;N;Female;1951;Early Baby boomer ;Biobío
149;5;5;5;5;5;5;5;5;5;5;5;5;4;5;5;5;5;4;4;4;4;3;5;5;5;5;4;2;4;4;4;5;4;4;4;4;2;2;2;2;3;4;5;2;12;4;3;Y;N;Male;1961;Late Baby boomer ;Biobío
150;5;5;5;5;4;3;3;5;5;5;5;4;4;5;5;5;5;5;4;4;4;4;5;5;5;5;5;5;5;5;5;5;4;4;4;4;3;2;4;4;2;2;2;2;12;4;3;Y;N;Female;1955;Early Baby boomer ;Coquimbo
151;5;5;5;5;5;4;4;5;5;5;5;5;5;5;5;5;5;5;5;5;5;5;5;5;5;5;5;5;5;5;5;5;4;2;4;4;2;2;2;2;4;4;2;2;14;4;3;Y;N;Female;1959;Late Baby boomer ;Biobío
152;5;5;5;5;5;5;5;5;5;5;5;5;5;5;5;5;5;5;5;5;5;5;5;5;5;5;5;3;5;5;5;5;5;1;5;5;2;2;2;2;5;4;2;1;12;4;3;Y;N;Male;1957;Late Baby boomer ;Biobío
153;1;4;4;4;4;4;4;3;4;1;4;2;3;3;3;4;3;3;1;1;1;1;4;3;2;2;1;1;4;3;3;3;1;1;1;1;5;4;3;4;4;4;4;4;1;3;3;Y;Y;Male;1955;Early Baby boomer ;Biobío
154;5;5;5;5;5;5;5;5;5;5;5;5;5;5;5;5;5;5;5;5;2;5;5;5;5;5;4;1;4;5;5;5;1;1;1;2;2;1;5;5;1;5;4;1;17;4;3;N;Y;Female;1955;Early Baby boomer ;Coquimbo
155;4;4;4;4;5;4;4;4;4;4;4;4;4;4;4;4;4;3;3;4;3;4;5;4;5;5;3;3;4;3;4;4;3;3;4;3;3;3;2;3;4;4;4;2;12;4;3;Y;Y;Female;1960;Late Baby boomer ;Biobío
156;4;4;4;4;2;2;2;3;3;3;3;4;4;4;4;4;4;4;2;3;1;2;4;4;4;5;4;1;3;3;3;2;3;3;2;3;3;4;4;4;4;3;4;4;11;4;3;Y;N;Male;1958;Late Baby boomer ;Biobío
157;3;4;4;4;2;2;2;4;4;4;4;3;2;4;3;3;3;2;2;2;2;2;4;4;3;3;3;1;4;4;4;3;1;1;1;2;4;4;4;4;4;4;4;4;6;3;3;N;N;Female;1948;Early Baby boomer ;Biobío
158;5;5;5;5;4;4;4;5;5;5;5;5;5;5;5;5;5;4;4;4;4;4;5;5;5;5;5;4;5;5;5;5;5;3;5;5;2;2;3;3;4;3;4;2;8;4;3;N;Y;Male;1947;Early Baby boomer ;Biobío
159;4;4;4;4;3;3;3;4;4;4;4;3;3;4;4;4;3;2;2;2;2;2;4;4;4;4;2;1;4;3;4;4;2;2;3;2;3;4;3;3;4;5;5;4;9;3;4;N;Y;Male;1946;Silent generation ;Biobío
160;4;4;5;5;4;4;4;4;4;4;4;3;4;4;5;5;5;4;3;4;3;4;5;4;5;5;4;1;4;3;4;4;3;3;3;3;3;4;4;4;3;5;4;3;10;4;4;N;Y;Female;1946;Silent generation ;Biobío
161;2;4;4;4;4;4;4;3;3;3;3;4;4;4;2;3;2;4;4;3;3;3;4;2;3;3;4;3;4;4;3;4;2;2;3;3;4;3;3;2;4;4;4;4;3;4;4;Y;N;Male;1957;Late Baby boomer ;Coquimbo
162;5;5;5;5;3;4;3;5;5;5;5;5;4;4;5;5;5;5;5;5;5;5;5;5;5;5;5;5;5;5;5;5;4;2;5;5;3;3;3;3;5;2;2;2;8;4;3;N;Y;Female;1945;Silent generation ;Biobío
163;5;5;5;4;5;5;5;4;4;4;4;5;4;4;5;5;5;5;4;4;4;4;5;5;5;5;3;2;5;4;4;5;3;3;4;4;2;3;2;3;4;4;5;3;10;4;3;Y;Y;Female;1956;Early Baby boomer ;Biobío
164;4;4;5;5;3;3;3;4;4;4;4;4;4;4;5;4;4;4;3;3;3;3;5;5;4;5;1;1;4;3;5;4;2;3;3;3;4;4;4;4;5;5;5;5;10;3;3;N;Y;Female;1947;Early Baby boomer ;Biobío
165;5;5;5;5;4;4;4;5;5;5;5;5;4;4;5;5;5;5;5;5;5;5;5;5;5;5;5;5;5;5;5;5;5;2;4;3;3;3;4;4;5;5;5;3;12;4;3;N;Y;Female;1951;Early Baby boomer ;Biobío
166;5;5;5;5;4;4;4;5;5;5;2;5;5;5;5;5;5;5;5;5;5;5;5;5;5;5;5;3;5;5;5;5;4;2;4;5;2;2;2;3;5;3;3;3;10;4;3;N;Y;Male;1950;Early Baby boomer ;Biobío
167;3;3;4;4;5;4;5;4;4;4;3;4;4;4;3;4;2;4;4;5;5;4;4;4;3;3;1;4;4;4;4;4;4;2;4;4;4;2;2;4;4;5;5;1;13;3;3;Y;N;Female;1960;Late Baby boomer ;Coquimbo
168;4;4;5;5;4;4;4;5;5;5;5;5;4;5;4;4;4;3;3;4;3;3;5;4;5;4;3;4;5;4;4;4;3;4;4;4;3;3;4;4;4;5;5;3;10;4;3;Y;N;Male;1959;Late Baby boomer ;Biobío
169;4;5;5;5;4;4;4;5;5;4;5;5;4;5;4;4;4;4;4;4;4;4;4;4;4;3;4;5;4;5;5;4;1;4;4;4;3;2;2;2;2;3;3;2;12;3;3;Y;Y;Male;1950;Early Baby boomer ;Coquimbo
170;5;5;5;5;2;2;2;5;5;5;5;2;2;5;3;3;3;2;2;2;2;3;4;4;4;3;3;1;4;3;3;3;1;1;1;1;4;4;4;5;4;4;4;4;6;1;1;Y;N;Female;1950;Early Baby boomer ;Coquimbo
171;4;4;4;4;4;4;4;4;4;4;1;4;2;4;4;4;4;4;3;4;4;2;4;2;2;4;4;4;2;4;2;4;2;2;4;4;4;4;4;4;4;4;4;4;11;4;3;N;Y;Male;1955;Early Baby boomer ;Biobío
172;4;4;4;4;4;4;4;5;5;5;5;5;4;4;4;4;5;3;2;4;2;2;4;4;4;3;2;3;4;4;4;4;4;4;4;4;2;2;2;2;4;4;5;4;11;3;3;Y;N;Male;1958;Late Baby boomer ;Biobío
173;4;5;5;5;4;4;4;4;4;4;4;3;4;5;4;4;4;4;3;4;3;3;5;5;5;4;3;2;4;3;4;5;3;2;3;2;2;3;3;3;5;5;5;4;12;3;3;N;Y;Female;1951;Early Baby boomer ;Biobío
174;5;5;5;5;5;5;5;5;5;5;5;5;5;5;5;4;4;3;3;4;3;3;5;5;5;5;4;4;5;4;5;5;4;5;4;4;2;3;3;3;5;4;4;3;13;4;4;Y;N;Male;1956;Early Baby boomer ;Biobío
175;5;5;5;5;3;2;3;4;4;4;1;4;2;4;4;4;4;2;2;2;2;2;5;4;3;4;4;1;2;4;4;2;2;2;2;4;4;4;4;4;4;4;4;5;6;4;3;Y;Y;Female;1941;Silent generation ;Biobío
176;3;3;2;2;4;4;4;4;4;4;4;4;5;4;3;3;2;4;2;3;2;4;3;3;3;5;5;4;4;4;3;3;2;2;2;2;4;4;2;4;4;4;5;5;8;4;2;N;Y;Female;1946;Silent generation ;Biobío
177;4;4;4;4;3;3;3;4;4;4;1;4;3;4;4;4;4;3;3;3;2;2;4;2;4;4;3;3;4;4;4;3;2;2;3;4;4;4;4;4;5;5;5;5;10;4;3;Y;N;Female;1958;Late Baby boomer ;Biobío
178;4;4;5;3;4;4;5;5;4;2;4;4;4;4;2;4;3;5;2;4;2;3;4;4;3;3;3;1;4;4;2;4;4;2;4;4;4;3;4;4;4;4;4;4;7;3;3;Y;N;Male;1961;Late Baby boomer ;Coquimbo
179;4;5;5;5;4;4;4;5;5;5;5;4;4;5;5;5;5;3;3;4;3;3;5;5;4;5;5;3;4;3;4;5;4;4;4;3;2;2;2;2;5;5;5;4;12;3;3;Y;N;Male;1957;Late Baby boomer ;Biobío
180;5;5;5;5;4;4;4;4;4;4;4;4;5;5;5;5;5;4;4;4;4;3;5;5;4;5;3;3;4;4;5;5;3;3;3;3;2;3;3;3;5;4;5;4;12;3;3;Y;N;Female;1960;Late Baby boomer ;Biobío
181;5;5;5;5;4;4;4;4;4;4;4;5;4;5;4;4;4;4;4;3;5;4;5;5;5;4;3;2;5;5;5;5;3;3;4;3;3;4;4;4;5;4;5;2;10;3;3;Y;N;Female;1959;Late Baby boomer ;Biobío
182;4;5;5;4;5;5;5;4;4;4;4;5;5;5;5;5;5;4;3;4;3;3;5;4;4;5;3;2;5;4;5;5;5;4;4;4;2;3;3;3;5;5;5;2;12;3;3;Y;N;Male;1958;Late Baby boomer ;Biobío
183;5;5;5;5;2;2;2;5;5;5;5;2;2;4;3;4;4;2;2;2;2;2;5;5;4;3;3;1;4;4;4;3;1;1;1;1;5;5;5;5;3;4;4;4;4;3;3;N;Y;Female;1934;Silent generation ;Coquimbo
184;4;4;5;5;4;4;4;5;5;5;5;4;4;5;5;5;5;3;3;3;3;3;5;4;4;5;2;2;4;3;4;4;3;3;4;4;3;3;3;3;4;4;4;3;10;4;4;N;Y;Male;1955;Early Baby boomer ;Biobío
185;4;4;5;4;3;3;3;4;4;4;4;4;4;5;4;4;4;1;1;3;1;1;4;4;5;4;2;1;4;3;4;4;2;2;2;2;4;4;4;4;5;5;5;4;8;4;3;N;Y;Female;1951;Early Baby boomer ;Biobío
186;3;3;4;4;4;2;2;4;4;4;3;4;3;4;4;4;4;5;2;3;3;3;5;3;4;4;4;1;4;4;4;4;3;3;3;3;4;4;4;4;3;4;4;5;10;3;3;N;Y;Female;1943;Silent generation ;Coquimbo
187;4;4;4;4;4;5;4;4;4;4;3;4;4;4;4;4;4;4;4;4;4;4;5;3;4;4;1;1;4;4;3;4;3;3;2;3;4;4;4;4;3;4;4;4;8;3;3;Y;Y;Female;1953;Early Baby boomer ;Coquimbo
188;2;5;4;5;5;5;5;4;4;3;3;4;5;5;3;3;3;2;2;2;2;2;4;4;3;3;2;4;3;3;3;3;2;1;4;4;4;4;4;4;4;4;5;4;8;4;4;N;Y;Male;1958;Late Baby boomer ;Coquimbo
189;5;5;5;5;4;5;4;5;5;5;5;4;4;5;4;4;4;4;4;3;4;4;5;5;5;5;5;4;5;5;4;5;4;4;4;4;4;4;4;4;3;2;3;2;8;4;3;Y;Y;Female;1946;Silent generation ;Coquimbo
190;4;4;4;4;2;2;2;4;4;4;4;3;2;4;3;3;3;2;2;2;2;2;4;4;2;3;3;1;4;4;4;3;1;1;1;2;4;4;5;4;4;4;3;5;5;4;3;N;Y;Female;1952;Early Baby boomer ;Biobío
191;4;4;4;4;3;3;3;3;4;3;4;4;4;4;4;4;4;4;4;4;2;4;4;3;5;4;3;3;3;4;4;4;4;3;4;4;4;2;2;4;3;4;4;4;10;4;3;Y;N;Male;1961;Late Baby boomer ;Biobío
192;4;4;4;4;2;3;2;2;2;2;2;4;2;4;4;4;4;3;3;3;2;2;4;3;3;3;3;3;4;3;4;3;3;2;2;2;4;4;2;4;2;4;4;4;17;4;3;Y;N;Female;1959;Late Baby boomer ;Biobío
193;5;5;5;5;4;4;4;5;5;5;5;5;5;5;5;5;5;5;5;5;5;5;5;5;5;5;5;3;5;5;5;5;4;2;4;4;3;3;3;3;5;3;3;2;7;4;3;N;Y;Female;1950;Early Baby boomer ;Biobío
194;4;4;5;5;4;5;5;3;3;4;3;5;3;3;5;5;5;5;5;5;5;5;5;5;4;3;4;2;4;4;5;4;3;2;2;3;3;1;3;3;3;3;5;5;10;4;3;Y;Y;Male;1958;Late Baby boomer ;Biobío
195;5;5;5;5;4;4;4;5;5;5;5;4;4;5;5;5;5;5;5;5;5;5;5;5;5;5;5;3;5;5;5;5;2;2;3;3;3;3;4;3;5;3;3;2;7;4;3;Y;N;Female;1950;Early Baby boomer ;Biobío
196;3;3;4;4;2;2;2;4;4;4;1;4;2;4;3;3;3;2;2;2;2;2;4;2;4;4;4;4;4;4;3;2;1;1;1;3;4;4;4;3;5;5;5;5;6;3;3;Y;Y;Female;1944;Silent generation ;Biobío
197;4;4;4;4;3;3;3;3;3;3;3;3;3;4;3;3;3;3;2;2;2;2;5;5;3;3;3;1;4;4;4;4;1;1;2;3;4;4;4;4;4;4;4;4;4;4;2;N;Y;Male;1947;Early Baby boomer ;Biobío
198;4;4;4;4;5;4;2;4;3;4;3;4;4;4;4;4;4;4;4;4;2;4;4;3;4;3;3;3;3;2;3;2;2;2;4;4;4;4;3;4;4;4;4;4;10;3;4;Y;N;Male;1960;Late Baby boomer ;Coquimbo
199;4;4;4;4;4;4;4;4;4;4;4;4;4;4;4;4;4;4;4;4;4;4;5;5;4;4;4;1;5;5;5;5;1;1;1;3;3;4;4;4;4;3;3;4;6;3;2;N;Y;Male;1952;Early Baby boomer ;Biobío
200;4;4;4;4;4;4;4;4;4;4;4;4;4;4;4;4;4;4;4;4;4;4;5;5;5;5;5;3;5;5;5;5;2;2;2;2;2;3;3;3;5;3;5;2;7;3;3;N;N;Female;1958;Late Baby boomer ;Biobío
201;5;5;5;5;4;3;3;5;5;5;5;4;4;5;4;4;4;4;4;3;3;4;5;5;5;5;5;4;5;5;5;5;4;4;4;4;4;4;4;4;3;3;2;2;10;3;3;Y;N;Male;1955;Early Baby boomer ;Coquimbo
202;1;1;4;4;1;1;1;4;4;4;4;4;2;4;3;4;4;1;1;4;2;1;5;4;1;4;1;1;2;4;2;2;1;1;2;2;2;2;4;4;5;5;5;4;1;2;3;Y;Y;Female;1947;Early Baby boomer ;Coquimbo
203;2;2;4;4;4;4;4;4;2;2;3;2;4;5;4;4;4;4;3;4;2;4;4;4;4;4;4;4;4;4;4;4;2;2;2;3;3;4;4;4;4;4;4;4;5;4;3;N;N;Female;1960;Late Baby boomer ;Coquimbo
204;4;5;5;5;4;4;4;4;5;4;4;4;4;4;5;4;4;5;5;5;2;1;5;4;5;5;4;3;5;4;2;4;3;2;3;2;2;4;2;3;3;4;4;2;10;3;3;Y;Y;Male;1954;Early Baby boomer ;Coquimbo
205;4;4;4;4;3;3;4;4;4;4;4;4;3;4;3;4;3;3;3;4;2;3;4;4;4;4;3;3;2;2;3;3;3;2;2;3;4;4;3;3;4;5;5;5;10;3;2;Y;N;Male;1955;Early Baby boomer ;Biobío
206;5;5;5;4;3;2;2;5;5;4;4;4;4;4;5;5;5;4;4;4;4;3;5;5;5;4;2;3;4;4;4;4;4;4;4;4;2;1;4;4;5;5;4;4;11;4;4;N;Y;Female;1939;Silent generation ;Biobío
207;5;4;4;4;5;5;5;4;4;4;3;4;4;4;4;4;4;4;4;4;3;4;5;5;5;5;3;3;4;4;4;4;4;4;4;4;2;2;2;3;2;4;3;2;10;4;4;Y;N;Male;1959;Late Baby boomer ;Biobío
208;5;5;5;5;5;4;5;5;5;5;5;5;5;5;5;5;5;5;5;5;5;5;5;5;5;5;5;5;5;5;5;5;5;5;5;5;2;4;3;4;2;2;2;1;15;4;4;Y;N;Male;1961;Late Baby boomer ;Coquimbo
209;2;4;4;4;2;2;4;4;3;4;4;4;3;4;4;4;4;2;4;4;4;4;4;4;5;5;1;1;4;4;4;5;4;1;4;1;4;3;3;3;4;4;5;5;3;2;3;N;Y;Female;1947;Early Baby boomer ;Coquimbo
210;5;5;5;5;4;2;2;5;5;5;5;3;4;5;4;4;4;4;4;3;3;4;5;4;5;5;5;5;4;4;4;4;2;2;3;2;3;4;4;4;4;3;3;2;10;3;3;N;Y;Male;1947;Early Baby boomer ;Coquimbo
211;4;4;4;4;2;2;2;4;4;4;3;4;2;4;4;4;4;2;2;4;2;2;4;4;2;4;2;2;4;4;4;3;2;3;2;3;4;4;4;4;4;4;3;4;10;4;3;N;Y;Female;1936;Silent generation ;Biobío
212;3;4;4;4;2;2;2;3;3;3;3;4;3;4;4;4;3;3;2;3;2;2;4;4;2;5;1;1;4;4;3;3;3;2;2;3;2;4;4;4;4;4;4;5;8;3;3;N;Y;Female;1939;Silent generation ;Biobío
213;4;4;4;4;4;5;4;4;4;4;3;4;4;4;5;4;4;4;4;4;4;4;4;4;5;5;4;3;4;4;4;4;4;3;4;4;2;4;3;4;4;4;2;3;11;3;3;Y;N;Male;1954;Early Baby boomer ;Biobío
214;4;4;5;4;3;3;3;4;4;4;3;4;3;3;5;5;4;4;3;3;3;3;4;4;3;3;3;2;4;4;3;3;4;2;2;3;5;4;3;5;4;5;5;5;8;2;1;N;Y;Female;1946;Silent generation ;Biobío
215;5;5;4;4;4;3;3;5;5;5;5;3;4;5;4;4;4;4;3;3;3;4;5;4;5;4;4;4;4;4;4;3;3;2;3;3;4;4;4;4;2;3;2;2;10;4;3;Y;Y;Male;1949;Early Baby boomer ;Coquimbo
216;4;4;4;4;2;3;3;4;4;4;1;4;3;4;4;4;4;4;2;2;2;4;4;2;5;4;4;4;4;4;3;2;1;1;2;4;4;4;4;4;5;5;5;5;9;3;3;Y;Y;Female;1945;Silent generation ;Biobío
217;3;4;5;5;3;3;3;5;4;5;4;4;4;4;5;5;5;5;3;4;2;4;5;5;2;2;4;3;5;5;5;5;3;2;3;2;4;2;2;3;2;4;4;5;5;4;3;N;Y;Female;1942;Silent generation ;Coquimbo
218;4;5;5;4;2;1;1;4;4;4;2;4;4;4;4;4;4;3;3;4;2;2;4;4;2;4;2;2;4;4;4;4;3;3;2;4;2;4;4;4;3;4;2;2;9;4;3;N;Y;Male;1940;Silent generation ;Biobío
219;2;4;4;2;2;3;4;4;4;1;4;2;4;4;3;4;4;2;2;2;2;2;3;4;3;3;3;3;4;4;4;3;2;2;3;4;4;4;3;4;5;5;5;3;1;3;3;N;Y;Male;1946;Silent generation ;Biobío
220;3;4;4;3;2;2;2;5;4;4;3;3;4;4;3;3;3;4;4;3;4;4;4;4;4;4;4;3;4;3;3;3;4;3;2;3;4;4;4;3;4;3;3;2;10;4;4;N;Y;Male;1938;Silent generation ;Biobío
221;5;5;5;5;5;5;5;5;5;5;5;5;5;5;5;5;5;5;5;5;5;5;5;5;5;5;5;3;5;5;5;5;5;3;4;4;3;3;3;3;5;5;3;2;8;4;3;Y;N;Female;1958;Late Baby boomer ;Biobío
222;5;5;5;5;5;5;5;5;5;5;5;5;5;5;5;5;5;5;5;5;5;5;5;5;5;5;5;4;5;5;5;5;4;2;4;4;2;2;3;3;5;3;3;2;8;4;3;Y;N;Male;1960;Late Baby boomer ;Biobío
223;3;4;5;4;3;3;2;5;5;5;4;2;2;4;3;3;3;2;4;2;3;4;4;4;4;3;3;1;4;4;2;2;2;1;1;2;4;5;4;4;4;5;5;3;2;4;3;Y;Y;Female;1959;Late Baby boomer ;Biobío
224;2;3;4;4;1;1;1;4;4;4;4;3;1;4;2;2;2;4;4;3;4;4;4;4;5;3;1;2;3;3;2;2;1;1;1;1;3;2;5;4;5;5;5;4;8;3;3;Y;Y;Female;1960;Late Baby boomer ;Biobío
225;4;4;4;4;2;2;2;4;4;4;2;4;4;4;4;4;5;3;3;4;2;2;4;4;2;4;2;2;4;4;4;4;4;3;3;4;2;3;4;4;4;4;4;2;9;4;3;N;Y;Male;1938;Silent generation ;Biobío
226;4;3;4;4;2;2;2;3;3;3;3;3;2;4;4;4;4;4;2;2;2;2;4;4;4;5;1;1;3;4;4;3;3;2;2;2;4;5;5;4;4;4;4;4;10;4;3;N;Y;Male;1934;Silent generation ;Biobío
227;4;4;4;4;1;1;1;4;4;4;3;4;4;4;4;4;4;2;2;3;2;3;4;3;3;3;2;1;4;4;4;3;3;2;2;3;3;4;4;4;3;4;2;4;10;4;3;N;Y;Male;1930;Silent generation ;Biobío
228;4;4;4;4;4;4;4;3;4;4;3;4;4;4;3;3;3;4;2;4;1;4;4;3;4;3;3;1;4;3;4;4;3;2;4;4;4;4;3;4;4;4;4;4;10;4;3;Y;N;Male;1956;Early Baby boomer ;Coquimbo
229;4;3;4;3;3;3;3;4;4;4;3;4;3;4;3;3;2;2;3;4;3;3;4;4;5;5;5;1;3;3;3;5;4;3;2;3;4;3;3;3;3;4;5;2;10;4;3;Y;N;Female;1960;Late Baby boomer ;Coquimbo
230;5;4;4;4;4;5;5;5;5;5;3;4;4;4;4;4;4;4;4;4;4;4;4;4;5;5;4;3;5;4;4;4;4;4;4;4;1;4;3;4;3;3;2;1;9;4;4;Y;N;Male;1958;Late Baby boomer ;Biobío
231;4;4;4;4;3;3;3;4;4;4;4;4;3;4;4;4;4;4;4;4;4;4;4;5;5;5;5;5;4;4;4;4;2;1;3;4;3;3;3;3;5;3;3;2;8;4;3;N;Y;Male;1948;Early Baby boomer ;Biobío
232;5;5;5;5;3;3;3;5;5;5;5;4;3;4;5;5;5;5;5;5;5;5;5;5;5;5;5;2;5;5;5;5;2;2;2;3;3;3;3;3;5;3;3;3;10;3;3;N;Y;Female;1948;Early Baby boomer ;Biobío
233;4;4;4;4;2;3;4;4;4;4;4;4;2;1;4;4;4;2;2;4;2;2;4;4;1;5;3;1;4;4;4;4;1;1;2;2;1;1;4;4;4;5;4;3;3;2;1;N;Y;Female;1942;Silent generation ;Coquimbo
234;3;4;4;4;5;5;5;5;5;2;2;4;4;4;4;4;4;4;4;4;4;4;4;4;2;5;5;1;4;4;4;4;1;2;4;4;2;2;2;2;2;4;2;2;10;4;4;N;Y;Male;1953;Early Baby boomer ;Biobío
235;4;4;5;5;3;4;3;4;4;4;4;4;4;4;4;4;3;4;4;4;4;3;5;5;1;3;2;1;5;4;4;4;4;4;3;4;4;4;4;5;4;5;5;5;10;4;2;Y;Y;Male;1954;Early Baby boomer ;Coquimbo
236;4;4;4;5;3;3;3;4;4;4;4;5;4;5;5;4;5;4;5;5;3;5;5;5;3;5;5;5;4;4;4;4;4;4;3;4;4;3;3;4;3;4;5;5;8;3;2;N;Y;Female;1956;Early Baby boomer ;Coquimbo
237;3;3;2;2;2;2;1;4;4;4;2;3;3;4;4;4;4;4;4;4;4;4;4;4;3;5;3;2;4;4;4;3;2;2;2;3;2;3;4;4;4;4;3;4;10;4;3;N;Y;Female;1952;Early Baby boomer ;Biobío
238;3;3;4;4;2;3;3;4;4;4;2;3;3;2;3;2;2;2;2;2;2;2;3;3;3;4;3;1;3;4;3;3;2;2;1;2;4;4;4;4;5;5;5;5;6;3;3;N;Y;Female;1938;Silent generation ;Biobío
239;5;5;5;5;4;4;4;5;5;5;5;5;4;5;5;5;5;5;5;5;5;5;5;5;5;5;5;3;5;5;5;5;3;3;4;4;2;2;3;3;5;4;4;2;12;4;3;Y;N;Male;1947;Early Baby boomer ;Biobío
240;5;5;5;5;5;5;5;5;5;5;5;5;5;5;5;5;5;5;5;5;5;5;5;5;5;5;5;3;5;5;5;5;3;3;4;4;2;2;2;2;5;4;4;2;12;4;3;Y;N;Female;1959;Late Baby boomer ;Biobío
241;4;5;5;5;4;3;3;4;4;4;4;5;5;5;5;5;5;3;3;3;3;3;5;5;4;4;4;4;5;5;5;5;4;3;3;4;2;2;2;2;4;4;4;2;12;4;4;N;Y;Male;1954;Early Baby boomer ;Biobío
242;5;5;5;5;5;3;4;5;5;5;5;5;4;5;5;5;5;5;5;5;5;5;5;5;5;5;5;3;5;5;5;5;5;3;4;4;3;3;3;3;5;3;3;2;10;3;3;Y;N;Female;1959;Late Baby boomer ;Biobío
243;4;4;4;4;2;2;2;4;4;4;4;4;2;4;3;3;3;2;2;2;2;2;4;4;3;3;3;2;5;5;5;5;1;1;1;3;3;3;3;3;5;5;5;2;10;4;3;N;Y;Female;1949;Early Baby boomer ;Biobío
244;5;4;4;4;4;4;4;4;3;4;3;4;4;4;4;4;4;4;4;4;3;4;4;4;4;3;1;1;4;4;4;4;4;4;4;4;2;2;2;2;4;4;4;4;10;3;2;Y;Y;Male;1960;Late Baby boomer ;Coquimbo
245;4;4;4;4;2;2;2;2;4;4;4;4;2;4;3;3;3;2;2;2;2;2;4;4;3;3;3;1;4;4;4;4;1;1;2;2;4;4;4;4;4;4;4;4;6;2;3;N;N;Female;1960;Late Baby boomer ;Biobío
246;5;5;5;5;4;4;4;5;5;5;5;4;4;5;5;5;5;4;5;5;3;4;5;5;5;5;4;3;5;5;5;5;5;5;5;5;1;2;2;2;4;4;2;1;10;4;4;Y;Y;Female;1958;Late Baby boomer ;Biobío
247;3;4;4;4;3;3;3;4;4;4;4;3;3;4;4;4;4;4;4;4;4;4;4;4;3;5;3;1;4;4;4;4;3;2;3;2;2;4;5;5;3;4;3;3;8;4;3;N;Y;Female;1934;Silent generation ;Biobío
248;5;5;5;4;4;5;4;4;4;4;4;4;4;4;4;4;4;4;4;4;4;4;4;4;4;4;2;1;4;4;4;4;3;3;3;3;2;4;4;3;4;3;3;2;10;4;3;N;Y;Female;1936;Silent generation ;Biobío
249;4;4;4;4;4;4;4;4;4;4;2;4;4;4;4;4;4;4;4;4;4;4;4;4;4;5;3;1;4;4;4;4;4;2;4;4;2;2;2;2;4;4;4;2;11;4;3;N;Y;Female;1939;Silent generation ;Biobío
250;4;4;4;4;4;4;4;4;4;4;4;5;5;4;4;4;4;4;5;4;3;4;5;4;3;5;3;5;4;4;4;4;4;3;4;4;4;4;3;3;4;5;4;4;10;3;3;Y;N;Male;1960;Late Baby boomer ;Coquimbo
251;4;4;4;4;4;4;4;4;4;4;3;4;5;4;4;4;4;4;4;4;4;4;4;4;5;4;4;2;4;4;4;4;4;4;4;4;2;2;2;2;4;4;3;2;10;4;3;Y;N;Male;1960;Late Baby boomer ;Biobío
252;4;4;4;4;2;2;3;4;4;4;2;3;2;4;4;4;4;2;2;2;2;2;4;4;4;3;3;1;3;3;3;3;2;2;2;2;3;4;4;4;4;4;4;4;7;4;3;Y;N;Male;1958;Late Baby boomer ;Biobío
253;4;2;3;4;4;4;4;4;4;5;2;5;5;5;4;4;4;4;4;4;4;4;4;4;4;5;3;2;5;5;4;4;4;3;4;4;2;3;4;4;4;4;2;2;9;4;3;Y;N;Male;1961;Late Baby boomer ;Biobío
254;5;4;4;4;4;4;4;4;4;4;4;4;4;4;4;4;4;4;4;4;4;4;4;4;4;4;4;2;4;4;4;4;4;4;5;4;3;3;4;2;4;3;2;2;11;4;4;Y;N;Male;1961;Late Baby boomer ;Biobío
255;5;4;5;5;3;4;4;4;4;4;4;5;4;4;4;4;4;4;4;4;2;3;4;5;3;4;4;3;4;3;2;4;2;2;2;2;4;4;2;4;4;4;4;4;16;3;3;Y;Y;Male;1950;Early Baby boomer ;Coquimbo
256;5;5;4;4;4;4;4;4;4;4;4;4;4;4;4;4;4;5;5;4;4;5;5;4;5;5;4;1;4;4;4;4;3;5;5;3;1;3;4;2;3;3;2;2;11;4;3;Y;N;Male;1959;Late Baby boomer ;Biobío
257;1;1;3;3;1;1;1;5;5;5;5;1;1;2;2;2;2;3;4;2;3;4;3;3;3;1;1;1;4;3;1;1;1;1;1;1;4;5;5;5;5;5;5;5;2;4;4;Y;Y;Female;1958;Late Baby boomer ;Biobío
258;4;3;4;4;4;4;4;4;4;4;3;4;4;4;3;3;3;2;2;2;1;1;4;3;4;1;1;1;4;3;3;3;2;2;4;2;3;4;4;4;4;3;4;5;3;3;2;Y;Y;Male;1954;Early Baby boomer ;Coquimbo
259;5;5;5;5;3;3;3;5;5;5;5;3;3;5;4;4;4;4;4;3;3;4;5;5;5;5;5;3;5;4;4;4;2;2;3;3;4;4;4;4;3;3;3;3;11;3;3;N;Y;Male;1949;Early Baby boomer ;Coquimbo
260;4;4;4;4;2;2;2;4;4;4;4;3;2;4;3;3;3;2;2;2;2;2;4;4;2;3;3;1;4;4;4;4;1;1;1;2;4;4;4;4;5;4;4;4;4;4;3;N;Y;Female;1945;Silent generation ;Biobío
261;5;5;5;5;4;4;4;5;5;5;5;5;4;4;4;4;4;5;5;5;5;5;5;5;4;4;4;3;5;5;5;5;1;1;3;4;3;3;3;3;5;5;5;3;10;4;3;N;Y;Female;1942;Silent generation ;Biobío
262;5;5;5;5;2;2;2;5;5;5;5;3;3;4;4;4;3;3;3;3;3;4;5;5;3;4;4;2;4;5;5;4;1;1;1;4;3;3;3;3;5;5;5;4;10;4;3;N;Y;Male;1942;Silent generation ;Biobío
263;5;5;5;5;4;3;3;5;5;5;5;4;4;5;5;5;5;5;5;5;5;5;5;5;5;5;5;3;5;5;5;5;2;2;4;4;3;3;3;3;3;3;3;2;10;4;3;N;Y;Female;1955;Early Baby boomer ;Biobío
264;5;5;5;5;2;3;4;5;5;5;5;5;5;5;5;5;5;5;5;5;5;5;5;5;5;5;5;3;5;5;5;5;2;2;4;4;3;3;3;4;5;3;3;2;12;4;3;Y;N;Female;1958;Late Baby boomer ;Biobío
265;3;4;4;4;2;2;2;5;5;5;5;3;3;5;4;4;4;4;4;4;4;4;5;5;4;4;4;2;5;5;5;5;1;1;2;3;4;4;4;4;4;4;4;4;5;3;2;N;N;Female;1946;Silent generation ;Biobío
266;5;5;5;5;4;4;4;5;5;5;5;4;4;5;4;4;4;4;4;4;4;4;5;5;5;5;5;4;5;5;5;4;4;4;3;4;2;4;3;4;2;2;2;2;10;4;3;Y;N;Male;1958;Late Baby boomer ;Coquimbo
267;2;4;4;4;2;2;2;5;5;5;5;3;2;4;3;3;3;2;2;2;2;2;5;5;3;3;3;1;4;4;4;4;1;1;1;3;3;3;4;3;4;4;4;4;5;3;2;Y;N;Male;1944;Silent generation ;Biobío
268;5;5;5;5;5;5;5;5;5;5;5;5;5;5;5;5;5;5;5;5;5;5;5;5;5;5;5;4;5;5;5;5;3;2;4;4;2;2;3;3;5;4;3;2;10;4;3;Y;N;Male;1959;Late Baby boomer ;Biobío
269;4;4;4;4;4;4;4;4;4;3;2;4;4;5;4;3;4;4;2;2;2;4;4;3;4;4;3;1;2;4;3;3;2;2;3;2;3;4;2;2;4;4;4;4;3;4;3;Y;N;Female;1959;Late Baby boomer ;Coquimbo
270;5;5;5;5;4;4;4;5;5;5;5;4;4;5;4;4;4;5;5;4;4;5;5;5;5;5;5;4;4;4;4;4;3;3;4;3;3;3;3;3;3;3;3;3;10;4;3;Y;N;Male;1961;Late Baby boomer ;Coquimbo
271;3;3;4;4;4;4;4;4;4;4;3;4;4;4;3;4;3;4;4;4;1;4;4;3;3;3;1;1;4;4;4;4;3;5;4;4;4;4;2;2;4;2;4;4;8;4;3;Y;Y;Male;1946;Silent generation ;Coquimbo
272;5;5;5;5;4;3;3;5;5;5;5;4;4;4;5;5;5;5;5;5;5;5;5;5;5;5;5;3;5;5;5;5;3;2;4;4;3;4;4;4;5;5;5;2;10;4;4;N;Y;Female;1941;Silent generation ;Biobío
273;5;5;5;5;5;5;5;5;5;5;5;5;5;5;5;5;5;5;5;5;5;5;5;5;5;5;5;5;5;5;5;5;4;3;4;4;2;2;2;3;5;3;3;2;12;4;4;N;Y;Female;1957;Late Baby boomer ;Biobío
274;5;5;5;5;4;4;4;5;5;5;5;5;5;5;5;5;5;5;5;5;5;5;5;5;5;5;5;3;5;5;5;5;2;2;4;4;4;4;4;4;5;5;5;2;12;3;2;N;N;Female;1960;Late Baby boomer ;Biobío
275;5;5;5;5;4;4;4;5;5;5;5;5;5;5;5;5;5;5;5;5;5;5;5;5;5;5;5;3;5;5;5;5;5;1;4;4;2;2;2;2;5;5;3;2;10;4;2;Y;N;Male;1958;Late Baby boomer ;Biobío
276;4;3;5;5;4;4;4;4;4;4;4;4;4;4;3;3;3;4;2;4;2;3;4;3;4;3;1;1;4;4;4;5;4;3;4;4;4;4;4;4;4;4;4;4;8;2;2;Y;Y;Female;1959;Late Baby boomer ;Coquimbo
277;5;5;5;5;4;3;3;5;5;5;5;4;4;5;5;5;5;5;5;5;5;5;5;5;5;5;5;3;5;5;5;5;2;2;4;4;2;2;2;2;5;3;3;2;12;4;4;N;Y;Female;1939;Silent generation ;Biobío
278;5;5;5;5;4;4;4;5;5;5;5;5;4;5;5;5;5;5;5;5;5;5;5;5;5;5;5;3;5;5;5;5;2;2;4;4;2;2;2;2;4;4;4;2;12;4;2;Y;N;Male;1959;Late Baby boomer ;Biobío
279;4;4;4;4;3;4;4;3;3;3;4;4;3;4;2;3;2;3;2;3;2;2;4;3;4;4;3;3;2;2;2;2;2;2;4;3;3;3;2;2;4;4;5;2;10;4;4;Y;Y;Male;1955;Early Baby boomer ;Coquimbo
280;5;5;5;5;3;4;3;5;5;5;5;4;4;5;4;4;4;5;5;5;5;5;5;5;5;5;5;3;5;5;5;5;2;1;4;4;2;2;2;2;4;3;3;2;12;4;2;Y;N;Male;1959;Late Baby boomer ;Biobío
281;3;5;5;5;1;1;1;5;5;5;5;5;1;5;5;5;5;1;1;1;1;1;5;5;1;3;2;1;5;5;3;1;1;1;1;1;5;5;5;5;5;5;5;5;1;2;3;Y;Y;Female;1945;Silent generation ;Coquimbo
282;5;4;3;5;1;1;1;5;5;5;3;5;1;5;3;5;5;5;3;3;1;5;5;5;3;3;2;1;5;5;5;4;1;3;1;3;5;5;4;5;5;5;5;4;2;2;3;N;Y;Female;1936;Silent generation ;Coquimbo
283;2;5;5;5;4;4;4;5;5;5;5;5;4;5;5;5;5;5;5;5;5;5;5;5;5;5;5;4;5;5;5;5;3;2;4;4;2;2;2;2;5;4;3;1;8;4;3;N;Y;Male;1946;Silent generation ;Coquimbo
284;5;5;5;5;4;4;4;5;5;5;5;4;4;5;5;5;5;5;5;5;5;5;5;5;5;5;5;4;5;5;5;5;3;2;4;4;3;3;3;3;5;3;3;1;12;4;3;Y;N;Female;1958;Late Baby boomer ;Biobío
285;5;5;5;5;4;4;4;5;5;5;5;4;4;5;5;5;5;5;5;5;5;5;5;5;5;5;5;4;5;5;5;5;2;2;4;4;2;2;2;2;4;4;4;1;12;4;3;Y;N;Female;1959;Late Baby boomer ;Biobío
286;2;4;4;4;3;3;3;4;4;4;3;4;4;4;4;4;3;2;2;4;2;3;4;3;3;3;3;1;3;3;3;2;2;2;2;2;2;4;3;4;2;3;4;4;3;2;3;N;Y;Male;1948;Early Baby boomer ;Coquimbo
287;5;5;5;5;4;4;4;5;5;5;5;5;5;5;5;5;5;5;5;5;5;5;5;5;5;5;5;3;5;5;5;5;2;2;4;4;3;3;3;3;5;3;3;2;10;3;3;Y;N;Male;1961;Late Baby boomer ;Biobío
288;5;5;5;5;5;4;5;5;5;5;5;5;4;5;5;5;5;5;5;5;5;5;5;5;4;4;4;4;5;5;5;5;2;2;4;4;2;2;2;2;5;3;3;2;12;3;2;Y;N;Male;1961;Late Baby boomer ;Biobío
289;5;5;5;5;5;5;5;5;5;5;5;5;5;5;5;5;5;5;5;5;5;5;5;5;5;5;5;4;5;5;5;5;5;1;4;4;2;2;2;2;5;3;3;3;10;4;3;Y;N;Male;1958;Late Baby boomer ;Biobío
290;3;3;4;4;4;4;4;4;4;4;4;4;4;4;4;4;4;4;4;4;4;5;4;4;4;5;3;2;4;4;4;3;4;3;4;4;2;4;4;4;4;4;2;2;11;4;3;Y;N;Male;1958;Late Baby boomer ;Biobío
291;4;4;4;4;4;4;4;4;4;4;3;5;5;4;4;4;4;3;2;4;2;3;4;4;4;5;3;3;4;4;4;3;3;3;4;4;2;4;3;2;4;3;2;2;9;4;3;Y;N;Male;1957;Late Baby boomer ;Biobío
292;4;4;4;4;5;4;4;4;4;4;3;4;4;4;4;4;4;4;4;4;4;4;4;4;5;4;4;3;4;4;4;4;4;3;4;4;2;2;2;5;4;4;4;2;10;4;3;Y;N;Female;1960;Late Baby boomer ;Biobío
293;5;5;5;4;3;3;3;3;3;2;3;4;4;4;4;3;4;4;3;3;3;4;4;4;3;5;3;1;4;4;4;4;3;3;1;3;4;4;4;4;4;4;5;5;6;3;3;Y;N;Male;1961;Late Baby boomer ;Coquimbo
294;4;4;4;4;4;4;4;4;3;4;3;4;4;4;4;4;3;3;3;4;2;4;4;3;3;3;3;1;4;4;4;4;2;2;2;2;4;4;4;4;4;4;4;4;8;3;2;Y;N;Female;1960;Late Baby boomer ;Coquimbo
295;5;4;4;5;5;5;4;4;4;4;5;5;4;5;5;4;4;5;4;4;3;4;5;4;3;3;4;3;5;4;4;5;5;3;4;5;4;4;3;5;5;5;4;4;12;3;3;N;Y;Male;1953;Early Baby boomer ;Coquimbo
296;3;3;4;4;4;4;4;4;3;4;3;4;4;4;3;3;3;2;2;4;1;2;4;4;3;3;1;1;4;4;4;4;1;2;2;2;4;3;3;3;5;5;4;1;10;3;2;N;Y;Female;1941;Silent generation ;Coquimbo
297;4;3;4;4;4;4;4;4;4;4;4;4;4;4;4;4;4;4;4;4;2;4;4;3;5;4;4;1;5;4;4;4;1;1;2;2;5;4;4;4;5;4;5;5;6;3;3;Y;Y;Female;1956;Early Baby boomer ;Coquimbo
298;3;3;4;4;4;4;4;4;4;4;4;4;4;4;4;4;3;2;2;2;2;2;4;3;3;3;1;1;4;4;4;4;1;2;2;2;4;4;4;4;5;4;4;1;8;3;3;N;Y;Male;1946;Silent generation ;Coquimbo
299;5;5;5;5;5;5;5;5;5;5;5;5;5;5;5;4;5;4;4;5;5;4;5;5;5;4;5;2;5;5;5;5;4;5;5;5;2;2;2;2;4;3;2;1;10;4;3;Y;Y;Female;1959;Late Baby boomer ;Biobío
300;2;2;2;3;2;2;2;4;4;4;4;3;2;3;2;3;3;2;2;3;2;2;4;2;1;1;1;1;3;2;2;2;2;2;2;2;3;4;2;1;2;4;4;4;2;4;3;N;Y;Male;1928;Silent generation ;Coquimbo
301;4;4;4;4;4;5;4;4;4;4;5;5;5;4;4;4;4;4;5;5;4;4;4;4;5;5;3;3;4;4;4;4;4;4;4;4;2;2;3;2;4;3;2;2;11;4;4;Y;N;Female;1960;Late Baby boomer ;Biobío
302;4;4;4;4;4;4;4;4;4;4;3;4;4;4;4;4;4;4;4;4;3;4;4;4;4;4;3;2;4;4;4;4;3;4;4;4;2;3;4;4;4;4;3;2;11;4;3;Y;N;Female;1958;Late Baby boomer ;Biobío
303;3;4;5;5;4;4;4;4;4;4;3;4;4;4;4;4;4;2;2;4;2;2;4;4;3;4;1;1;4;4;4;4;1;2;2;3;4;3;3;4;4;4;5;2;5;3;2;N;Y;Female;1950;Early Baby boomer ;Coquimbo
304;4;4;5;5;4;4;4;4;3;3;3;4;4;4;4;4;4;3;3;3;1;1;4;1;3;4;1;1;5;3;3;3;1;2;4;3;4;4;3;5;5;5;5;3;5;4;3;Y;N;Male;1957;Late Baby boomer ;Coquimbo
305;4;4;5;4;1;1;2;4;4;4;4;4;3;4;4;4;4;3;3;2;1;1;5;3;3;4;1;1;5;4;5;5;1;1;2;2;4;4;4;4;4;2;4;4;2;2;3;N;Y;Female;1938;Silent generation ;Coquimbo
306;4;4;4;4;4;4;4;4;3;3;2;4;3;4;4;4;4;4;4;4;2;3;4;4;3;4;3;2;4;4;4;4;3;2;2;3;2;3;4;2;3;4;3;2;9;4;3;Y;N;Female;1957;Late Baby boomer ;Biobío
307;3;4;4;4;3;2;2;4;4;4;4;4;4;4;3;4;3;2;3;3;2;2;4;4;3;3;3;2;4;4;4;4;1;1;1;2;4;4;4;5;4;4;5;5;6;4;3;Y;Y;Female;1942;Silent generation ;Coquimbo
308;5;5;5;5;5;5;4;5;5;5;5;5;5;5;5;5;5;5;5;5;5;5;5;5;5;4;5;3;5;5;5;5;5;5;5;5;1;1;1;2;2;4;2;1;11;4;4;Y;N;Female;1961;Late Baby boomer ;Biobío
309;4;4;4;4;2;4;4;4;4;4;4;4;4;4;4;4;4;2;2;4;2;2;4;4;4;5;2;1;4;4;4;4;1;1;2;1;5;5;5;5;5;5;5;5;10;3;3;N;Y;Female;1942;Silent generation ;Coquimbo
310;3;3;4;3;2;2;2;4;4;4;4;4;3;4;4;4;4;2;2;4;2;2;4;4;3;5;3;1;4;3;3;3;2;2;2;2;2;4;4;4;4;4;4;4;9;4;3;Y;Y;Male;1954;Early Baby boomer ;Biobío
311;3;4;5;5;2;4;4;4;4;5;5;5;4;5;4;5;4;4;3;4;4;3;4;4;1;1;5;5;4;4;4;4;4;3;3;3;4;3;4;4;5;5;5;4;12;2;2;N;Y;Male;1946;Silent generation ;Coquimbo
312;3;3;4;4;3;3;4;3;3;3;3;4;4;4;4;4;4;4;3;4;3;3;4;3;5;5;5;4;2;3;2;3;2;3;3;3;2;4;3;4;2;4;4;3;15;3;4;N;Y;Female;1956;Early Baby boomer ;Coquimbo
313;3;4;3;3;4;3;3;4;4;4;2;4;4;4;3;4;3;2;2;4;2;3;4;3;2;4;3;3;2;3;2;2;2;2;3;4;2;4;2;4;3;4;3;4;10;4;4;N;Y;Male;1947;Early Baby boomer ;Coquimbo
314;3;4;4;4;2;2;2;4;4;4;2;2;2;4;4;4;4;2;2;2;2;2;4;3;3;3;3;1;3;3;3;3;2;2;2;2;3;3;3;4;4;4;4;4;8;4;3;N;Y;Male;1949;Early Baby boomer ;Biobío
315;4;4;4;4;4;4;4;4;4;4;4;4;4;4;4;4;4;4;4;4;4;4;4;3;5;4;3;3;4;4;4;4;4;4;4;4;2;2;3;2;4;4;4;2;10;4;3;Y;Y;Male;1951;Early Baby boomer ;Biobío
316;4;4;4;4;4;4;4;4;4;4;2;4;4;4;4;4;4;4;4;4;4;4;4;4;5;5;4;2;4;5;5;4;2;2;4;4;3;4;4;3;4;4;2;2;11;4;3;Y;Y;Male;1953;Early Baby boomer ;Biobío
317;2;3;4;4;4;3;3;4;4;4;2;4;4;4;4;4;4;4;3;4;3;4;4;3;5;4;3;2;4;5;4;4;2;2;4;4;1;2;4;3;4;4;4;2;10;4;3;Y;Y;Male;1955;Early Baby boomer ;Biobío
318;4;4;4;4;2;2;2;4;4;4;4;4;3;4;4;4;4;3;3;3;3;3;4;4;4;3;3;2;3;4;4;4;2;2;2;3;4;4;4;4;4;4;4;3;9;4;3;Y;Y;Male;1952;Early Baby boomer ;Biobío
319;4;4;4;4;4;4;4;4;4;4;4;3;2;4;4;4;4;3;2;2;2;2;4;4;4;2;2;3;4;4;4;4;1;1;1;1;2;5;5;5;4;4;2;3;2;4;4;N;Y;Male;1946;Silent generation ;Coquimbo
320;3;3;4;3;1;2;2;4;4;4;3;2;2;4;2;3;3;2;2;2;3;2;4;2;4;4;2;1;4;5;3;3;2;1;1;1;2;5;4;4;4;5;4;2;4;4;4;N;Y;Female;1946;Silent generation ;Coquimbo
321;5;5;5;5;5;5;5;5;5;5;5;5;5;5;5;5;5;5;5;5;5;5;5;5;5;5;5;4;5;5;5;5;5;4;4;4;4;3;3;1;2;2;1;1;10;3;3;N;N;Female;1961;Late Baby boomer ;Coquimbo
322;5;4;5;5;4;4;4;5;5;4;3;4;4;5;4;4;3;4;4;4;4;4;5;4;3;5;3;3;5;4;4;4;4;4;4;4;4;4;3;3;4;4;2;2;12;4;3;N;Y;Female;1936;Silent generation ;Coquimbo
323;4;4;4;4;3;4;4;3;3;3;4;5;4;4;4;4;4;2;3;4;2;3;4;2;3;3;3;1;4;3;3;4;2;1;2;3;4;5;5;5;3;2;4;4;10;4;3;Y;Y;Female;1947;Early Baby boomer ;Coquimbo
324;4;4;4;4;4;3;3;5;5;5;5;4;4;5;4;4;4;4;4;4;4;4;5;4;5;5;5;3;4;4;4;4;3;3;4;4;2;2;3;3;3;3;2;2;10;4;4;Y;N;Male;1959;Late Baby boomer ;Coquimbo
325;5;5;5;5;4;4;4;5;5;5;5;4;4;5;4;4;4;4;4;4;4;4;4;4;5;5;5;4;4;4;4;4;4;3;3;4;3;3;3;3;3;2;2;2;10;4;4;Y;N;Male;1961;Late Baby boomer ;Coquimbo
326;5;5;5;5;4;4;4;5;5;5;5;4;4;5;4;4;4;4;4;3;4;4;5;5;5;5;5;5;5;5;5;5;4;3;4;4;4;3;3;3;2;2;2;2;10;4;3;Y;N;Female;1961;Late Baby boomer ;Coquimbo
327;4;5;5;4;3;4;3;4;5;4;4;4;3;4;5;5;5;4;3;4;2;2;4;4;3;3;3;2;5;4;4;5;4;3;3;4;4;5;3;5;4;5;5;5;8;3;3;N;Y;Male;1959;Late Baby boomer ;Coquimbo
328;4;5;5;5;5;5;5;5;4;3;3;5;5;5;4;4;4;5;4;4;2;4;5;5;5;5;3;3;5;4;5;5;4;3;1;1;3;4;1;2;5;4;4;1;15;2;3;Y;Y;Male;1946;Silent generation ;Coquimbo
329;4;4;4;4;4;4;4;4;4;4;2;4;4;4;3;4;4;4;4;4;4;4;4;4;5;4;3;4;4;4;4;4;4;4;4;4;2;4;4;4;4;4;2;2;7;4;3;N;Y;Female;1951;Early Baby boomer ;Biobío
330;3;4;4;4;2;2;2;4;4;4;2;3;3;4;4;4;4;2;2;2;2;2;4;4;3;4;2;3;3;3;3;3;2;2;2;2;2;4;4;4;4;4;4;3;9;4;3;N;Y;Female;1948;Early Baby boomer ;Biobío
331;3;4;4;4;4;4;4;4;4;4;4;4;4;4;4;4;4;4;5;4;4;4;4;4;4;5;3;2;4;4;4;4;4;2;4;4;2;2;4;2;4;4;2;2;10;4;3;N;Y;Female;1947;Early Baby boomer ;Biobío
332;4;4;4;4;4;4;4;4;4;4;3;5;5;4;4;4;4;4;4;4;4;4;4;4;4;4;4;2;4;4;4;4;3;3;4;4;1;3;3;2;4;4;4;2;11;4;4;Y;Y;Female;1954;Early Baby boomer ;Biobío
333;4;4;4;4;4;4;4;4;4;4;4;4;4;4;4;4;4;4;4;4;4;4;5;5;4;4;2;2;4;4;4;3;3;3;4;3;3;2;4;2;3;4;2;1;7;4;3;Y;Y;Female;1955;Early Baby boomer ;Biobío
334;4;4;4;4;4;4;4;4;4;4;4;4;4;4;4;4;4;4;4;4;4;4;4;4;4;4;3;3;4;4;4;3;3;3;3;3;3;2;3;2;4;4;2;2;8;4;3;N;Y;Female;1949;Early Baby boomer ;Biobío
335;4;4;4;4;4;3;4;4;4;4;4;4;4;4;4;4;4;4;4;4;2;3;4;4;4;4;2;2;4;4;4;3;3;3;4;3;3;4;4;4;4;4;4;4;11;4;3;Y;Y;Female;1953;Early Baby boomer ;Biobío
336;3;3;4;4;3;3;3;4;4;4;2;4;3;4;4;4;4;2;2;4;2;3;4;3;2;4;2;2;3;4;4;3;2;2;2;2;3;3;4;4;3;3;4;4;7;4;3;N;Y;Female;1948;Early Baby boomer ;Biobío
337;4;3;3;4;3;3;3;4;4;4;3;4;4;4;4;4;3;2;2;4;2;2;4;4;2;3;3;3;2;2;2;2;2;2;4;4;2;4;2;4;2;2;4;4;7;4;4;N;Y;Female;1946;Silent generation ;Coquimbo
338;5;5;5;5;4;4;4;5;5;5;5;4;4;5;4;4;4;4;4;4;4;4;5;5;5;5;5;4;5;5;5;5;4;3;4;4;4;4;4;4;2;2;2;2;11;3;3;Y;N;Female;1958;Late Baby boomer ;Coquimbo
339;4;4;4;4;4;4;4;4;4;4;4;5;5;4;4;4;4;4;4;4;4;4;4;4;4;4;3;2;4;5;4;4;3;3;4;4;3;3;3;3;4;4;2;2;11;4;3;Y;Y;Female;1953;Early Baby boomer ;Biobío
340;3;3;3;4;2;2;2;4;4;3;3;3;3;3;3;3;3;3;3;3;3;3;4;4;3;3;3;2;4;3;3;3;2;3;3;3;5;5;4;4;4;4;3;5;9;4;3;N;Y;Female;1947;Early Baby boomer ;Biobío
341;4;4;4;4;4;4;4;4;4;4;4;4;4;4;4;4;3;5;4;4;3;4;5;5;5;4;5;4;3;4;3;3;4;4;4;4;2;2;2;2;3;3;3;2;10;4;3;N;Y;Female;1961;Late Baby boomer ;Coquimbo
342;4;4;4;4;4;3;3;4;4;4;3;4;4;4;4;4;4;3;3;4;2;4;4;3;2;4;3;3;3;2;2;2;2;2;2;4;2;4;2;4;2;2;3;5;7;3;3;N;Y;Female;1943;Silent generation ;Coquimbo
343;4;4;4;4;3;3;3;4;4;4;4;3;3;4;3;3;3;3;2;2;2;3;4;3;5;3;4;2;4;4;3;3;2;1;2;2;4;4;4;4;4;4;4;4;9;3;3;Y;N;Female;1960;Late Baby boomer ;Coquimbo
344;4;2;5;3;1;1;1;5;5;4;2;4;2;3;3;3;2;2;1;2;2;1;2;3;2;3;1;1;3;2;3;3;2;2;2;2;4;4;2;3;3;4;5;3;3;3;3;N;Y;Female;1941;Silent generation ;Coquimbo
345;2;3;3;3;4;3;3;4;4;4;4;5;4;4;2;4;4;2;2;5;2;2;5;4;2;4;3;1;4;2;1;1;2;1;4;1;1;3;1;1;1;1;5;2;7;4;5;Y;N;Male;1946;Silent generation ;Coquimbo
346;5;5;3;4;4;4;3;4;4;4;5;4;4;5;4;4;4;4;4;4;4;4;4;4;4;3;3;3;4;5;4;4;2;2;3;3;3;3;4;4;3;5;4;3;10;4;4;Y;N;Female;1960;Late Baby boomer ;Coquimbo
347;3;4;5;5;2;2;2;4;4;4;4;4;2;4;4;4;4;3;4;2;2;2;4;2;5;4;4;1;4;4;4;4;1;1;3;3;4;4;4;4;5;5;5;5;3;4;2;N;Y;Female;1946;Silent generation ;Biobío
348;5;4;4;4;2;2;2;4;4;4;1;4;2;4;4;4;4;4;2;3;2;2;4;2;1;4;4;1;5;5;1;1;1;1;2;2;4;4;4;4;5;5;5;5;5;3;2;N;Y;Male;1947;Early Baby boomer ;Biobío
349;4;4;4;4;2;2;2;4;4;1;4;4;2;4;4;4;4;4;3;2;2;2;5;2;4;4;4;1;4;4;4;3;1;1;2;2;4;4;4;4;5;5;5;5;5;4;4;Y;Y;Female;1944;Silent generation ;Biobío
350;2;4;4;4;4;4;4;4;2;2;2;4;4;4;3;3;3;4;4;4;2;2;4;4;4;3;2;2;4;4;4;4;4;2;3;3;2;3;2;2;4;4;5;5;10;4;3;Y;Y;Male;1955;Early Baby boomer ;Coquimbo
351;4;4;4;4;4;3;3;4;4;4;2;4;4;4;4;4;4;4;4;4;2;3;4;5;5;5;3;2;4;4;4;4;3;3;4;4;2;2;4;4;4;4;2;2;11;4;3;Y;N;Female;1961;Late Baby boomer ;Biobío
352;4;4;4;4;4;4;5;4;4;4;3;4;4;4;4;4;4;4;4;4;3;4;4;4;4;4;3;2;4;4;4;4;4;2;4;3;3;4;4;3;4;3;2;2;9;4;3;Y;N;Male;1959;Late Baby boomer ;Biobío
353;4;4;4;4;4;4;3;4;4;3;3;4;4;4;3;4;4;3;2;4;2;1;4;5;4;3;3;1;4;4;3;4;3;3;2;3;4;3;3;4;3;4;4;4;14;3;4;Y;Y;Male;1958;Late Baby boomer ;Coquimbo
354;4;4;4;4;1;1;2;4;4;4;3;4;2;4;5;4;4;1;1;1;2;2;4;4;2;3;3;1;4;4;4;4;1;1;2;1;4;3;4;4;4;5;5;4;2;2;3;N;Y;Male;1948;Early Baby boomer ;Coquimbo
355;1;2;4;3;2;2;2;5;5;4;1;5;2;4;3;4;4;2;2;1;1;1;2;2;2;3;1;1;5;3;3;1;2;1;2;2;5;5;1;3;3;4;5;5;5;4;4;N;Y;Male;1943;Silent generation ;Coquimbo
356;4;4;4;4;2;2;2;5;5;5;5;2;2;4;3;3;3;3;2;2;2;3;4;3;5;2;4;1;4;3;3;3;2;2;2;2;4;4;4;4;4;4;4;4;9;3;3;Y;N;Female;1960;Late Baby boomer ;Coquimbo
357;4;3;4;3;2;4;4;4;4;2;2;4;2;2;4;4;2;4;2;2;2;1;4;4;5;3;5;1;2;4;1;4;1;1;2;4;4;5;4;4;1;4;5;4;4;3;3;Y;N;Male;1958;Late Baby boomer ;Coquimbo
358;2;5;5;4;4;4;4;5;4;5;4;5;5;5;4;4;5;4;1;5;1;4;5;4;4;5;4;3;3;1;2;4;2;1;4;3;1;4;2;1;2;2;5;4;8;4;3;N;Y;Female;1958;Late Baby boomer ;Coquimbo
359;1;2;4;4;3;2;2;5;5;4;4;5;2;5;3;3;3;1;2;4;1;1;4;4;3;2;1;2;2;2;2;1;2;2;2;2;4;3;1;4;3;3;5;2;9;4;4;N;N;Female;1961;Late Baby boomer ;Coquimbo
360;4;1;4;4;4;4;4;4;4;4;4;5;5;5;5;4;5;3;1;5;2;1;4;4;4;4;3;3;4;4;2;4;4;4;4;4;1;4;2;5;1;4;4;2;10;4;4;N;Y;Female;1961;Late Baby boomer ;Coquimbo
361;5;1;4;3;3;2;2;4;4;5;3;5;3;4;4;4;3;2;1;2;1;1;3;2;2;3;2;1;5;3;3;3;1;2;1;2;2;5;4;3;4;5;5;4;3;3;3;N;Y;Female;1945;Silent generation ;Coquimbo
362;5;5;4;4;5;4;5;4;4;3;3;4;4;5;4;4;4;3;3;4;5;4;5;4;5;4;5;4;5;5;5;5;4;3;3;4;4;4;3;4;3;4;5;2;8;3;4;Y;Y;Female;1960;Late Baby boomer ;Coquimbo
363;4;4;4;4;4;4;4;4;4;4;4;4;4;4;4;4;4;4;4;4;4;4;4;4;5;4;3;2;4;5;4;4;2;2;4;4;2;2;4;4;4;3;2;2;9;4;3;Y;N;Female;1958;Late Baby boomer ;Biobío
364;5;5;4;4;4;3;3;5;5;5;5;4;4;5;4;4;4;4;4;3;3;4;5;4;5;4;4;3;4;4;4;4;3;2;3;3;3;3;3;4;4;3;3;2;10;4;3;Y;N;Female;1961;Late Baby boomer ;Coquimbo
365;3;3;5;4;1;2;2;5;4;4;2;5;2;5;4;4;4;2;1;2;1;2;3;4;2;3;1;1;2;3;2;3;1;1;2;1;5;5;3;4;3;4;5;5;2;3;3;N;Y;Female;1954;Early Baby boomer ;Coquimbo
366;4;5;5;5;5;4;4;5;5;5;5;5;4;5;5;5;5;5;5;5;5;5;5;5;5;4;4;3;5;5;5;5;5;5;5;4;2;2;2;2;5;4;4;2;8;4;3;Y;N;Male;1960;Late Baby boomer ;Biobío
367;3;3;5;4;1;2;2;5;4;4;2;5;2;5;4;4;4;2;1;2;1;2;3;4;2;3;1;1;2;3;2;3;5;1;2;1;5;5;3;4;3;4;5;5;5;3;2;N;Y;Female;1958;Late Baby boomer ;Coquimbo
368;5;5;5;5;1;5;4;5;5;4;4;5;4;5;5;4;3;4;3;3;2;2;4;3;3;5;3;1;3;5;5;4;4;2;3;4;5;4;3;3;5;5;5;5;3;3;3;N;Y;Female;1961;Late Baby boomer ;Coquimbo
369;2;4;4;4;5;4;5;4;4;4;4;5;4;5;5;5;4;2;2;5;1;1;5;3;4;4;3;2;3;4;2;1;2;4;1;5;1;5;1;4;2;4;4;3;9;4;4;N;Y;Female;1955;Early Baby boomer ;Coquimbo
370;5;5;5;5;5;4;4;4;4;4;4;5;5;5;5;5;5;5;5;5;5;5;5;5;5;5;5;1;4;4;5;5;1;2;2;2;4;4;4;4;4;2;3;3;17;3;3;N;N;Female;1961;Late Baby boomer ;Coquimbo
371;3;2;5;4;2;1;2;5;4;5;2;4;1;4;3;4;4;1;1;2;1;2;1;2;1;2;3;1;4;3;3;4;2;1;1;3;5;4;3;3;4;5;5;4;8;4;3;Y;N;Male;1960;Late Baby boomer ;Coquimbo
372;4;4;3;3;3;3;4;4;4;2;4;2;5;4;3;4;2;2;2;2;2;1;3;2;2;1;3;1;3;4;4;4;3;3;2;2;5;5;3;4;3;4;4;5;2;4;4;Y;N;Male;1958;Late Baby boomer ;Coquimbo
373;2;4;4;4;1;1;1;5;5;4;4;5;5;5;2;4;2;1;1;4;2;1;4;2;2;3;1;1;2;3;2;4;2;2;4;4;1;4;2;5;2;1;1;4;9;4;3;Y;N;Male;1960;Late Baby boomer ;Coquimbo
374;5;5;5;5;4;5;4;4;4;4;5;4;4;5;4;4;5;4;5;5;4;4;5;4;5;5;5;1;5;4;4;4;4;4;2;4;4;4;4;4;4;5;4;5;10;3;2;Y;N;Male;1960;Late Baby boomer ;Coquimbo
375;5;5;5;5;5;5;4;4;3;4;4;5;5;4;4;4;4;4;4;5;4;4;5;5;4;3;3;3;4;4;4;4;5;5;5;5;2;3;2;2;4;4;4;2;10;4;4;Y;N;Male;1960;Late Baby boomer ;Biobío
376;4;5;5;5;4;4;3;4;4;4;4;4;4;4;3;4;3;2;4;4;2;2;4;4;3;3;2;3;4;4;4;4;2;2;2;4;3;4;4;4;4;4;4;2;10;4;4;Y;N;Female;1958;Late Baby boomer ;Biobío
377;4;4;5;4;4;4;4;5;5;5;5;4;4;5;5;4;5;4;4;4;4;5;5;5;5;5;4;3;5;5;4;4;4;4;4;4;4;3;3;4;4;3;2;3;10;4;3;Y;N;Male;1960;Late Baby boomer ;Biobío
378;5;5;5;5;5;5;5;5;5;5;5;5;5;5;5;5;5;5;5;5;5;5;5;5;5;5;5;5;5;5;5;5;4;1;5;4;2;2;2;2;2;4;4;2;10;3;2;Y;N;Male;1958;Late Baby boomer ;Biobío
379;5;5;5;5;5;5;5;5;5;5;5;5;5;5;5;5;5;5;5;5;5;5;5;5;5;5;5;4;5;5;5;5;2;2;4;4;3;3;3;3;5;4;4;2;10;4;2;Y;N;Female;1960;Late Baby boomer ;Biobío
380;4;4;5;4;4;4;4;5;5;5;5;4;4;5;3;4;3;2;2;2;1;2;4;3;3;4;1;4;4;4;4;3;3;4;4;4;4;4;4;4;4;4;4;4;8;2;2;Y;N;Male;1961;Late Baby boomer ;Coquimbo
381;4;3;4;3;2;2;2;3;3;3;3;3;2;3;3;3;3;2;3;3;2;4;4;3;4;4;3;3;3;3;3;3;3;3;3;3;3;3;3;3;3;3;3;3;15;3;2;Y;N;Male;1960;Late Baby boomer ;Coquimbo
382;4;5;5;4;4;4;4;4;4;4;4;4;4;4;3;4;4;3;3;4;3;3;4;4;5;4;4;3;4;4;3;3;3;3;3;4;4;4;4;4;5;5;5;5;10;3;3;Y;N;Male;1961;Late Baby boomer ;Coquimbo
383;4;4;5;5;4;4;4;5;5;5;5;4;4;5;4;4;4;4;2;4;1;2;4;4;3;3;3;4;4;4;4;4;4;4;4;4;2;4;2;2;4;4;4;2;10;3;3;Y;N;Male;1957;Early Baby boomer ;Coquimbo
